policynumber,age,ncdlevel26
1,25,3
2,25,2
3,53,1
4,51,2
5,23,1
6,55,0
7,21,2
8,23,3
9,54,1
10,24,1
11,25,1
12,22,0
13,22,1
14,53,0
15,51,1
16,54,4
17,51,1
18,22,2
19,55,3
20,22,3
21,25,3
22,50,2
23,23,2
24,21,3
25,25,1
26,51,1
27,51,4
28,20,2
29,25,2
30,51,1
31,25,2
32,23,3
33,23,3
34,23,3
35,20,3
36,50,4
37,20,1
38,50,0
39,24,2
40,20,2
41,50,0
42,23,1
43,54,3
44,25,0
45,24,3
46,52,0
47,22,2
48,22,1
49,20,3
50,52,1
51,23,2
52,20,2
53,54,4
54,22,1
55,22,4
56,22,3
57,24,2
58,50,2
59,22,1
60,52,4
61,21,4
62,25,3
63,23,2
64,52,1
65,50,1
66,24,2
67,22,1
68,24,1
69,23,3
70,51,4
71,51,3
72,51,2
73,22,2
74,55,1
75,52,2
76,51,0
77,53,1
78,51,2
79,22,3
80,52,0
81,22,2
82,55,4
83,23,2
84,22,3
85,52,4
86,51,4
87,53,0
88,25,3
89,50,4
90,24,2
91,22,1
92,22,2
93,25,3
94,23,2
95,52,0
96,54,4
97,52,1
98,52,1
99,55,1
100,53,2
101,21,3
102,51,1
103,20,4
104,52,0
105,23,1
106,55,0
107,22,2
108,53,0
109,52,0
110,21,1
111,52,0
112,53,0
113,22,1
114,52,4
115,24,2
116,52,2
117,22,1
118,20,4
119,23,2
120,53,1
121,22,2
122,51,0
123,52,0
124,23,4
125,53,4
126,50,0
127,23,2
128,50,4
129,24,2
130,22,0
131,53,0
132,52,4
133,21,1
134,22,2
135,51,2
136,54,0
137,54,4
138,20,1
139,24,4
140,21,1
141,51,0
142,52,2
143,55,0
144,50,1
145,54,0
146,51,1
147,23,1
148,24,3
149,50,0
150,54,4
151,23,4
152,23,1
153,51,0
154,53,0
155,23,2
156,23,2
157,20,3
158,20,1
159,51,4
160,53,0
161,24,3
162,53,0
163,55,1
164,24,2
165,22,2
166,21,2
167,53,0
168,53,4
169,21,2
170,52,3
171,53,0
172,50,0
173,22,2
174,22,4
175,51,2
176,53,1
177,21,3
178,50,2
179,20,3
180,52,3
181,52,1
182,25,0
183,53,1
184,24,4
185,21,3
186,24,1
187,54,1
188,54,1
189,22,2
190,53,1
191,24,3
192,50,3
193,55,4
194,23,3
195,21,3
196,24,1
197,52,0
198,24,1
199,55,3
200,22,2
201,51,1
202,21,2
203,25,3
204,25,3
205,21,1
206,53,2
207,54,0
208,54,4
209,22,2
210,20,2
211,50,1
212,22,2
213,21,2
214,24,3
215,54,2
216,52,0
217,21,2
218,23,1
219,20,3
220,54,2
221,52,0
222,23,2
223,54,2
224,24,1
225,20,2
226,51,0
227,52,4
228,55,0
229,52,0
230,51,1
231,21,2
232,53,0
233,24,3
234,51,0
235,23,2
236,54,4
237,52,3
238,23,3
239,20,1
240,24,3
241,20,2
242,52,3
243,54,0
244,52,4
245,22,3
246,23,3
247,23,1
248,54,0
249,52,2
250,53,1
251,52,4
252,52,4
253,23,2
254,51,4
255,51,4
256,51,0
257,54,1
258,21,1
259,53,1
260,25,1
261,21,1
262,23,2
263,21,3
264,55,0
265,21,4
266,54,4
267,55,1
268,51,3
269,24,2
270,25,4
271,51,4
272,51,0
273,21,2
274,23,2
275,25,2
276,54,0
277,54,2
278,55,0
279,54,1
280,52,3
281,23,1
282,55,1
283,51,4
284,53,4
285,23,2
286,23,3
287,51,2
288,52,0
289,52,0
290,53,0
291,24,2
292,23,2
293,22,2
294,25,3
295,50,4
296,21,3
297,52,1
298,23,2
299,23,1
300,23,2
301,21,2
302,53,4
303,24,2
304,21,4
305,25,2
306,52,1
307,22,2
308,53,1
309,51,1
310,55,1
311,54,1
312,21,2
313,54,0
314,22,4
315,51,2
316,54,4
317,53,2
318,24,2
319,20,0
320,22,3
321,25,3
322,20,3
323,22,2
324,22,2
325,55,3
326,51,0
327,23,1
328,24,2
329,52,1
330,23,1
331,53,4
332,24,3
333,53,1
334,24,3
335,23,2
336,22,1
337,25,3
338,23,3
339,25,2
340,54,1
341,52,1
342,23,2
343,52,4
344,52,3
345,21,1
346,21,3
347,52,4
348,25,2
349,51,1
350,21,0
351,53,3
352,54,4
353,20,4
354,53,3
355,51,0
356,52,0
357,22,2
358,22,1
359,22,1
360,25,2
361,20,3
362,55,2
363,21,2
364,55,0
365,55,0
366,52,2
367,23,2
368,54,0
369,53,4
370,23,4
371,53,4
372,54,2
373,51,1
374,23,0
375,23,1
376,53,0
377,53,3
378,54,0
379,20,2
380,54,1
381,24,2
382,25,3
383,52,0
384,23,3
385,52,1
386,25,2
387,25,2
388,21,2
389,22,3
390,21,2
391,25,3
392,22,1
393,54,1
394,55,0
395,24,2
396,54,0
397,53,1
398,24,2
399,24,3
400,21,2
401,22,2
402,53,2
403,53,2
404,22,3
405,52,2
406,21,2
407,53,2
408,23,2
409,25,2
410,52,1
411,54,4
412,24,0
413,24,1
414,22,2
415,52,4
416,23,1
417,20,3
418,22,1
419,52,0
420,21,4
421,20,1
422,54,4
423,24,3
424,51,4
425,24,1
426,21,0
427,54,0
428,24,1
429,25,1
430,23,2
431,20,2
432,50,0
433,24,2
434,20,1
435,22,2
436,53,3
437,52,3
438,51,0
439,20,2
440,54,1
441,51,0
442,52,0
443,21,2
444,52,3
445,23,2
446,51,0
447,21,1
448,51,3
449,22,3
450,22,1
451,21,1
452,53,3
453,24,0
454,25,1
455,54,1
456,52,1
457,21,3
458,53,1
459,22,3
460,51,0
461,54,4
462,52,2
463,51,4
464,54,0
465,22,2
466,23,3
467,23,0
468,50,4
469,20,2
470,55,3
471,22,3
472,21,2
473,55,2
474,20,3
475,23,3
476,20,4
477,55,1
478,23,3
479,22,2
480,53,0
481,52,2
482,25,3
483,53,0
484,23,2
485,53,1
486,51,0
487,55,0
488,53,1
489,53,0
490,54,1
491,51,0
492,22,4
493,22,2
494,51,4
495,25,0
496,50,2
497,20,1
498,25,1
499,24,0
500,25,4
501,50,1
502,55,2
503,21,4
504,54,0
505,51,4
506,20,3
507,23,1
508,54,1
509,50,1
510,53,1
511,22,2
512,51,4
513,54,2
514,24,2
515,50,1
516,51,4
517,52,1
518,22,2
519,24,1
520,51,2
521,52,3
522,20,2
523,20,3
524,54,2
525,22,1
526,54,4
527,23,2
528,50,0
529,52,1
530,23,2
531,51,4
532,23,1
533,54,0
534,24,3
535,55,0
536,54,0
537,54,4
538,22,2
539,53,0
540,23,2
541,55,0
542,24,4
543,55,3
544,24,3
545,21,0
546,53,0
547,20,3
548,53,3
549,52,0
550,21,3
551,51,0
552,50,1
553,52,4
554,54,1
555,21,4
556,24,1
557,53,4
558,24,2
559,50,4
560,54,0
561,23,3
562,25,1
563,52,4
564,50,0
565,22,2
566,24,0
567,21,3
568,54,0
569,22,3
570,22,2
571,53,0
572,53,1
573,53,0
574,23,3
575,55,0
576,20,2
577,22,1
578,21,2
579,22,1
580,52,1
581,52,1
582,52,0
583,24,3
584,54,4
585,21,1
586,20,3
587,23,2
588,24,1
589,54,0
590,22,3
591,54,2
592,21,2
593,22,2
594,53,0
595,22,4
596,23,1
597,52,1
598,52,1
599,25,1
600,24,1
601,55,2
602,53,4
603,52,1
604,55,2
605,50,0
606,20,1
607,20,0
608,51,4
609,51,1
610,51,0
611,52,1
612,52,0
613,24,3
614,24,1
615,25,3
616,53,4
617,50,2
618,52,4
619,24,1
620,52,2
621,21,2
622,51,1
623,52,1
624,22,2
625,54,4
626,53,4
627,21,2
628,55,1
629,54,0
630,54,2
631,54,1
632,51,4
633,21,2
634,24,2
635,24,2
636,21,1
637,54,1
638,51,4
639,53,1
640,54,1
641,25,2
642,52,1
643,51,4
644,54,4
645,23,3
646,53,0
647,54,4
648,52,0
649,51,4
650,52,0
651,22,1
652,23,3
653,21,1
654,22,2
655,22,3
656,52,0
657,55,2
658,51,2
659,55,3
660,23,1
661,22,2
662,23,2
663,24,3
664,20,1
665,23,1
666,22,3
667,53,4
668,52,2
669,51,0
670,21,2
671,54,3
672,51,3
673,25,1
674,25,1
675,54,2
676,52,0
677,51,0
678,22,1
679,52,0
680,24,4
681,51,2
682,23,3
683,22,2
684,54,0
685,50,0
686,51,1
687,21,1
688,53,1
689,22,1
690,51,1
691,54,4
692,53,3
693,21,4
694,22,2
695,20,3
696,21,4
697,23,1
698,21,0
699,24,2
700,21,2
701,50,2
702,52,0
703,20,1
704,21,2
705,22,1
706,22,3
707,55,2
708,24,0
709,51,0
710,54,2
711,20,1
712,54,2
713,51,2
714,21,2
715,50,1
716,22,1
717,53,0
718,54,0
719,24,1
720,25,1
721,25,2
722,53,1
723,25,4
724,25,3
725,50,1
726,52,1
727,52,2
728,50,1
729,20,3
730,51,1
731,54,2
732,53,0
733,51,0
734,21,2
735,24,2
736,54,2
737,53,1
738,55,3
739,23,0
740,23,1
741,51,0
742,25,1
743,21,1
744,54,0
745,21,3
746,54,1
747,52,0
748,53,1
749,52,2
750,53,4
751,22,2
752,51,0
753,53,0
754,54,4
755,50,4
756,25,2
757,51,3
758,54,0
759,52,0
760,22,0
761,23,3
762,52,2
763,23,1
764,54,1
765,23,1
766,24,3
767,54,0
768,55,1
769,52,4
770,54,0
771,22,2
772,25,2
773,25,3
774,23,2
775,24,2
776,54,1
777,22,1
778,54,0
779,21,2
780,53,4
781,23,2
782,23,2
783,55,0
784,54,1
785,53,0
786,50,4
787,54,0
788,52,1
789,23,3
790,23,2
791,25,4
792,51,0
793,50,3
794,20,2
795,21,2
796,24,1
797,24,1
798,52,3
799,21,3
800,53,1
801,22,2
802,24,4
803,24,3
804,52,0
805,25,1
806,54,0
807,21,3
808,23,1
809,52,1
810,23,4
811,51,1
812,23,2
813,24,2
814,22,1
815,51,0
816,24,2
817,21,2
818,23,1
819,24,3
820,22,3
821,54,3
822,21,2
823,24,3
824,50,2
825,23,0
826,54,0
827,51,2
828,52,0
829,25,1
830,53,4
831,52,0
832,54,0
833,51,0
834,54,1
835,24,2
836,21,2
837,53,0
838,24,1
839,52,1
840,23,2
841,25,2
842,54,2
843,52,0
844,54,3
845,23,2
846,23,2
847,50,4
848,21,4
849,25,2
850,22,1
851,53,0
852,24,0
853,51,4
854,24,2
855,24,1
856,24,1
857,53,0
858,53,4
859,52,2
860,51,4
861,20,3
862,51,4
863,51,1
864,24,2
865,52,4
866,54,0
867,54,0
868,53,0
869,22,1
870,24,3
871,53,4
872,52,0
873,52,0
874,22,1
875,51,2
876,50,4
877,54,0
878,21,2
879,24,2
880,22,3
881,53,0
882,22,2
883,20,2
884,24,3
885,23,2
886,24,0
887,24,2
888,54,2
889,51,0
890,53,1
891,52,1
892,53,1
893,22,2
894,50,3
895,53,2
896,24,3
897,54,4
898,53,4
899,53,2
900,52,0
901,21,2
902,51,0
903,20,1
904,25,1
905,51,0
906,52,2
907,55,3
908,55,1
909,54,4
910,22,1
911,52,4
912,50,1
913,54,4
914,54,0
915,23,2
916,21,3
917,51,1
918,22,2
919,54,0
920,22,2
921,55,0
922,54,0
923,21,1
924,22,3
925,51,4
926,20,3
927,53,0
928,23,4
929,22,0
930,53,4
931,52,1
932,53,4
933,24,1
934,21,2
935,51,2
936,25,2
937,54,4
938,20,1
939,23,0
940,51,3
941,21,2
942,51,0
943,54,3
944,53,1
945,51,4
946,23,4
947,51,1
948,51,1
949,54,1
950,25,2
951,20,2
952,53,2
953,54,4
954,54,0
955,50,1
956,55,4
957,54,1
958,24,3
959,22,3
960,52,0
961,22,2
962,24,3
963,21,3
964,21,0
965,54,0
966,22,3
967,21,2
968,55,1
969,24,2
970,23,2
971,23,2
972,52,2
973,53,0
974,22,1
975,51,0
976,24,1
977,24,0
978,53,3
979,53,1
980,52,1
981,55,2
982,22,3
983,23,3
984,52,4
985,50,2
986,21,2
987,22,2
988,53,0
989,20,0
990,25,2
991,24,1
992,53,0
993,22,1
994,50,0
995,24,3
996,51,0
997,51,1
998,24,4
999,21,2
1000,21,1
1001,24,3
1002,22,1
1003,54,3
1004,23,1
1005,22,3
1006,53,0
1007,53,4
1008,20,3
1009,52,0
1010,54,4
1011,20,3
1012,24,3
1013,55,4
1014,52,2
1015,23,2
1016,23,4
1017,54,0
1018,23,2
1019,51,3
1020,53,1
1021,52,2
1022,52,0
1023,23,1
1024,24,1
1025,50,1
1026,50,4
1027,23,1
1028,52,4
1029,53,2
1030,52,1
1031,50,4
1032,50,0
1033,54,1
1034,24,1
1035,23,4
1036,21,1
1037,54,1
1038,23,1
1039,50,0
1040,22,2
1041,55,0
1042,22,2
1043,52,0
1044,50,2
1045,20,2
1046,54,0
1047,22,2
1048,24,2
1049,24,2
1050,21,3
1051,52,0
1052,22,4
1053,53,0
1054,50,2
1055,54,0
1056,23,2
1057,21,2
1058,22,2
1059,23,3
1060,50,4
1061,55,1
1062,54,3
1063,20,1
1064,51,2
1065,55,2
1066,55,1
1067,20,3
1068,54,0
1069,53,1
1070,20,2
1071,21,2
1072,21,0
1073,53,2
1074,24,0
1075,22,3
1076,51,1
1077,22,2
1078,53,1
1079,22,3
1080,22,3
1081,52,3
1082,55,0
1083,52,0
1084,21,1
1085,52,1
1086,24,2
1087,52,4
1088,25,2
1089,23,4
1090,55,3
1091,22,3
1092,21,4
1093,25,2
1094,22,3
1095,53,4
1096,24,3
1097,20,2
1098,51,4
1099,22,4
1100,54,0
1101,24,2
1102,52,0
1103,52,0
1104,55,1
1105,53,0
1106,22,2
1107,23,3
1108,54,2
1109,22,2
1110,52,0
1111,51,2
1112,24,3
1113,22,2
1114,51,2
1115,52,2
1116,21,2
1117,25,1
1118,53,0
1119,52,4
1120,25,4
1121,22,2
1122,50,0
1123,23,2
1124,51,4
1125,52,1
1126,53,0
1127,21,3
1128,24,2
1129,22,3
1130,25,0
1131,51,4
1132,21,3
1133,55,4
1134,54,0
1135,22,2
1136,53,3
1137,25,1
1138,25,3
1139,24,0
1140,25,3
1141,52,0
1142,22,0
1143,22,2
1144,51,1
1145,50,2
1146,55,2
1147,24,4
1148,54,0
1149,24,1
1150,21,1
1151,24,3
1152,22,2
1153,51,2
1154,51,1
1155,52,4
1156,21,1
1157,23,2
1158,53,1
1159,21,2
1160,51,0
1161,24,2
1162,54,4
1163,54,0
1164,50,2
1165,23,2
1166,53,2
1167,23,1
1168,25,3
1169,54,0
1170,23,2
1171,54,1
1172,20,1
1173,53,2
1174,53,0
1175,22,4
1176,52,2
1177,24,2
1178,20,1
1179,21,1
1180,23,3
1181,51,0
1182,51,2
1183,21,3
1184,23,2
1185,24,3
1186,25,2
1187,54,1
1188,52,4
1189,51,3
1190,24,2
1191,21,3
1192,24,2
1193,25,2
1194,21,3
1195,53,0
1196,52,0
1197,52,3
1198,50,1
1199,22,3
1200,53,0
1201,24,2
1202,51,3
1203,50,0
1204,53,0
1205,53,1
1206,53,0
1207,50,0
1208,24,2
1209,51,1
1210,52,3
1211,21,2
1212,51,2
1213,22,3
1214,54,0
1215,23,2
1216,54,0
1217,21,1
1218,20,2
1219,54,2
1220,53,4
1221,25,1
1222,55,1
1223,50,2
1224,54,0
1225,22,3
1226,50,1
1227,25,0
1228,52,4
1229,21,4
1230,20,0
1231,52,1
1232,51,1
1233,21,3
1234,51,2
1235,24,0
1236,50,0
1237,22,2
1238,22,3
1239,24,2
1240,24,1
1241,24,2
1242,23,1
1243,24,1
1244,51,0
1245,54,4
1246,23,1
1247,52,1
1248,51,0
1249,21,1
1250,50,2
1251,52,2
1252,51,4
1253,54,0
1254,51,0
1255,52,3
1256,52,1
1257,23,2
1258,51,4
1259,22,2
1260,24,3
1261,23,2
1262,23,1
1263,50,2
1264,22,0
1265,21,2
1266,24,3
1267,51,3
1268,25,3
1269,54,1
1270,52,0
1271,23,1
1272,23,2
1273,25,4
1274,23,1
1275,53,1
1276,20,2
1277,25,1
1278,22,2
1279,52,4
1280,22,2
1281,25,1
1282,24,1
1283,54,0
1284,55,0
1285,21,0
1286,52,1
1287,24,2
1288,50,0
1289,20,0
1290,25,0
1291,21,2
1292,53,1
1293,22,3
1294,21,4
1295,54,4
1296,24,2
1297,22,2
1298,50,0
1299,23,3
1300,22,2
1301,22,4
1302,53,4
1303,21,3
1304,52,1
1305,54,1
1306,21,3
1307,21,1
1308,51,2
1309,22,2
1310,22,1
1311,24,3
1312,54,2
1313,55,0
1314,52,2
1315,54,4
1316,22,3
1317,52,4
1318,55,0
1319,24,2
1320,54,0
1321,52,0
1322,21,2
1323,24,2
1324,24,2
1325,23,2
1326,23,1
1327,54,0
1328,22,1
1329,25,2
1330,23,2
1331,54,0
1332,53,1
1333,54,0
1334,22,2
1335,23,2
1336,21,2
1337,21,1
1338,55,1
1339,24,1
1340,51,4
1341,23,1
1342,21,2
1343,22,3
1344,52,3
1345,22,3
1346,53,0
1347,21,3
1348,25,2
1349,52,1
1350,55,0
1351,53,2
1352,23,1
1353,51,4
1354,25,1
1355,55,3
1356,25,0
1357,21,1
1358,53,2
1359,55,0
1360,25,1
1361,50,2
1362,55,1
1363,24,2
1364,53,0
1365,24,3
1366,20,3
1367,52,4
1368,51,0
1369,52,0
1370,53,4
1371,54,1
1372,55,1
1373,24,0
1374,51,0
1375,25,2
1376,52,4
1377,52,0
1378,51,4
1379,21,0
1380,52,2
1381,53,4
1382,53,0
1383,50,3
1384,23,3
1385,23,2
1386,52,0
1387,24,2
1388,21,2
1389,21,3
1390,20,2
1391,23,4
1392,22,4
1393,23,1
1394,20,3
1395,52,0
1396,23,2
1397,53,1
1398,24,2
1399,54,0
1400,55,2
1401,24,2
1402,50,1
1403,20,3
1404,50,2
1405,23,2
1406,23,3
1407,25,2
1408,52,2
1409,53,4
1410,21,2
1411,54,2
1412,52,4
1413,23,1
1414,22,2
1415,23,4
1416,54,0
1417,51,0
1418,24,1
1419,23,2
1420,51,3
1421,24,1
1422,22,2
1423,20,2
1424,50,2
1425,25,1
1426,24,3
1427,53,3
1428,23,3
1429,50,2
1430,21,2
1431,52,3
1432,55,0
1433,54,1
1434,24,0
1435,23,1
1436,25,4
1437,53,1
1438,22,3
1439,23,2
1440,50,4
1441,50,0
1442,55,2
1443,25,2
1444,20,4
1445,22,2
1446,25,1
1447,53,3
1448,51,3
1449,22,2
1450,50,0
1451,51,4
1452,24,1
1453,54,0
1454,23,3
1455,25,1
1456,20,1
1457,52,1
1458,52,4
1459,54,0
1460,22,3
1461,22,2
1462,51,0
1463,54,4
1464,55,2
1465,25,2
1466,54,2
1467,22,2
1468,54,1
1469,24,2
1470,21,2
1471,22,2
1472,24,1
1473,21,2
1474,51,0
1475,52,0
1476,23,2
1477,24,3
1478,24,2
1479,22,1
1480,55,4
1481,23,4
1482,52,1
1483,25,3
1484,23,1
1485,54,0
1486,23,3
1487,54,1
1488,52,4
1489,51,0
1490,54,2
1491,54,0
1492,24,2
1493,24,2
1494,51,0
1495,21,1
1496,50,1
1497,23,2
1498,21,3
1499,53,4
1500,20,3
1501,25,2
1502,54,2
1503,22,0
1504,22,2
1505,51,1
1506,54,2
1507,20,3
1508,25,1
1509,52,0
1510,55,2
1511,25,2
1512,25,2
1513,51,1
1514,24,2
1515,22,3
1516,51,4
1517,52,1
1518,25,2
1519,54,1
1520,22,2
1521,23,1
1522,20,0
1523,51,0
1524,25,3
1525,52,0
1526,20,1
1527,24,1
1528,24,1
1529,53,0
1530,51,1
1531,53,1
1532,51,2
1533,22,1
1534,54,4
1535,24,2
1536,50,4
1537,54,2
1538,24,0
1539,55,4
1540,54,1
1541,20,2
1542,54,4
1543,55,2
1544,22,1
1545,55,0
1546,24,3
1547,55,0
1548,54,4
1549,25,3
1550,22,1
1551,23,3
1552,53,3
1553,54,4
1554,53,4
1555,21,2
1556,54,0
1557,53,2
1558,22,1
1559,50,0
1560,21,3
1561,25,2
1562,51,0
1563,23,2
1564,24,1
1565,21,2
1566,21,2
1567,24,4
1568,22,1
1569,50,0
1570,53,2
1571,54,2
1572,24,2
1573,54,0
1574,51,0
1575,21,0
1576,21,1
1577,23,0
1578,23,3
1579,55,1
1580,54,1
1581,51,1
1582,24,2
1583,22,1
1584,52,0
1585,53,4
1586,23,3
1587,54,2
1588,23,2
1589,53,0
1590,22,0
1591,54,2
1592,54,2
1593,50,3
1594,22,4
1595,23,2
1596,54,1
1597,55,2
1598,23,4
1599,52,1
1600,23,1
1601,23,2
1602,23,3
1603,24,2
1604,50,1
1605,54,1
1606,21,3
1607,23,2
1608,21,4
1609,51,0
1610,24,2
1611,53,3
1612,25,1
1613,22,3
1614,21,2
1615,25,1
1616,24,1
1617,52,1
1618,23,1
1619,52,0
1620,53,0
1621,54,4
1622,51,3
1623,24,1
1624,53,1
1625,51,0
1626,53,4
1627,22,3
1628,24,3
1629,53,3
1630,21,2
1631,23,1
1632,51,4
1633,21,3
1634,55,0
1635,21,0
1636,50,3
1637,54,0
1638,24,1
1639,52,0
1640,54,0
1641,21,3
1642,51,1
1643,20,4
1644,24,2
1645,22,3
1646,53,2
1647,21,3
1648,54,2
1649,54,4
1650,24,3
1651,52,0
1652,51,4
1653,52,4
1654,51,0
1655,52,0
1656,51,4
1657,24,2
1658,51,0
1659,50,1
1660,25,1
1661,22,2
1662,53,0
1663,53,0
1664,54,0
1665,54,2
1666,20,2
1667,50,0
1668,22,3
1669,52,1
1670,25,3
1671,50,0
1672,23,1
1673,24,2
1674,50,0
1675,23,1
1676,22,3
1677,23,2
1678,54,0
1679,50,3
1680,24,4
1681,51,4
1682,21,1
1683,51,4
1684,22,1
1685,55,3
1686,21,1
1687,25,1
1688,24,3
1689,50,0
1690,23,1
1691,51,0
1692,22,2
1693,54,4
1694,23,3
1695,22,2
1696,24,3
1697,23,2
1698,21,2
1699,23,3
1700,52,4
1701,50,3
1702,24,2
1703,54,4
1704,23,2
1705,23,2
1706,53,2
1707,24,1
1708,24,2
1709,51,4
1710,55,0
1711,51,1
1712,52,1
1713,22,3
1714,54,2
1715,54,1
1716,53,4
1717,51,2
1718,51,1
1719,21,3
1720,54,2
1721,21,3
1722,24,3
1723,51,1
1724,51,4
1725,55,2
1726,54,4
1727,22,3
1728,51,0
1729,51,2
1730,50,0
1731,21,1
1732,24,3
1733,51,1
1734,52,3
1735,21,3
1736,24,3
1737,51,0
1738,51,3
1739,51,1
1740,21,3
1741,54,0
1742,23,2
1743,55,0
1744,21,2
1745,53,1
1746,22,2
1747,24,2
1748,53,0
1749,24,2
1750,53,0
1751,21,3
1752,21,1
1753,23,0
1754,52,1
1755,53,0
1756,21,0
1757,22,2
1758,52,2
1759,54,4
1760,53,3
1761,21,2
1762,51,1
1763,52,0
1764,54,0
1765,55,0
1766,21,3
1767,54,0
1768,21,1
1769,52,1
1770,22,2
1771,53,1
1772,24,2
1773,20,3
1774,55,4
1775,21,2
1776,52,2
1777,52,1
1778,52,1
1779,22,2
1780,54,2
1781,53,3
1782,25,3
1783,23,1
1784,52,2
1785,24,3
1786,52,3
1787,54,1
1788,52,4
1789,52,0
1790,52,1
1791,54,3
1792,55,1
1793,21,3
1794,21,1
1795,54,1
1796,20,2
1797,22,3
1798,24,1
1799,24,1
1800,51,0
1801,55,0
1802,51,4
1803,25,2
1804,23,3
1805,20,3
1806,53,0
1807,20,4
1808,24,3
1809,52,1
1810,24,1
1811,23,3
1812,51,0
1813,53,4
1814,24,2
1815,22,2
1816,51,0
1817,54,0
1818,55,4
1819,53,1
1820,54,4
1821,51,0
1822,21,0
1823,54,4
1824,54,4
1825,52,2
1826,53,0
1827,24,3
1828,54,2
1829,21,1
1830,24,4
1831,21,2
1832,20,3
1833,50,2
1834,54,0
1835,23,2
1836,55,3
1837,51,4
1838,53,0
1839,23,2
1840,24,2
1841,21,2
1842,23,1
1843,53,3
1844,53,0
1845,52,0
1846,52,4
1847,23,2
1848,52,1
1849,24,2
1850,54,0
1851,52,3
1852,54,3
1853,23,0
1854,52,3
1855,24,3
1856,22,1
1857,53,2
1858,50,0
1859,51,2
1860,22,3
1861,21,2
1862,52,0
1863,53,0
1864,54,4
1865,53,0
1866,24,1
1867,51,4
1868,53,2
1869,21,3
1870,53,4
1871,22,3
1872,54,1
1873,21,2
1874,24,2
1875,21,2
1876,52,0
1877,25,0
1878,22,2
1879,23,2
1880,20,3
1881,50,0
1882,21,3
1883,21,3
1884,54,1
1885,21,0
1886,22,4
1887,53,0
1888,24,1
1889,21,4
1890,51,0
1891,55,0
1892,50,2
1893,53,2
1894,52,4
1895,50,4
1896,24,1
1897,25,1
1898,23,1
1899,22,2
1900,52,2
1901,24,2
1902,23,1
1903,23,4
1904,54,4
1905,51,0
1906,50,1
1907,22,2
1908,22,3
1909,23,0
1910,53,1
1911,22,2
1912,21,1
1913,23,2
1914,22,3
1915,53,1
1916,23,1
1917,54,4
1918,22,3
1919,21,2
1920,52,0
1921,52,4
1922,20,3
1923,52,0
1924,21,1
1925,51,2
1926,50,2
1927,53,0
1928,50,1
1929,50,1
1930,52,0
1931,52,0
1932,20,2
1933,54,0
1934,24,3
1935,21,3
1936,54,1
1937,50,1
1938,23,2
1939,50,1
1940,23,1
1941,54,4
1942,22,2
1943,24,2
1944,21,3
1945,51,4
1946,51,1
1947,53,1
1948,24,1
1949,52,4
1950,23,3
1951,23,3
1952,24,3
1953,51,4
1954,54,0
1955,53,3
1956,21,2
1957,52,2
1958,20,1
1959,24,2
1960,54,3
1961,22,1
1962,52,1
1963,20,4
1964,23,4
1965,20,3
1966,52,0
1967,50,0
1968,24,1
1969,51,1
1970,51,0
1971,54,0
1972,54,1
1973,54,1
1974,53,3
1975,52,4
1976,25,1
1977,20,3
1978,51,3
1979,22,2
1980,20,2
1981,22,1
1982,52,1
1983,22,3
1984,25,1
1985,52,2
1986,51,4
1987,50,4
1988,23,0
1989,23,4
1990,50,1
1991,54,1
1992,21,3
1993,52,0
1994,24,2
1995,21,2
1996,22,2
1997,21,2
1998,21,3
1999,23,1
2000,23,0
2001,23,2
2002,53,4
2003,22,2
2004,53,1
2005,51,1
2006,21,1
2007,52,4
2008,54,1
2009,24,3
2010,52,0
2011,55,0
2012,24,2
2013,21,3
2014,52,1
2015,53,2
2016,53,2
2017,21,3
2018,23,3
2019,52,0
2020,25,1
2021,51,0
2022,20,3
2023,24,3
2024,24,1
2025,22,0
2026,24,2
2027,23,2
2028,51,4
2029,54,2
2030,52,0
2031,54,1
2032,23,2
2033,52,0
2034,22,0
2035,50,0
2036,52,2
2037,50,1
2038,54,0
2039,24,3
2040,21,2
2041,21,1
2042,51,2
2043,53,3
2044,53,2
2045,23,0
2046,53,0
2047,54,0
2048,51,0
2049,52,2
2050,21,2
2051,52,1
2052,20,2
2053,20,1
2054,21,1
2055,53,1
2056,55,0
2057,51,3
2058,22,1
2059,25,4
2060,52,4
2061,23,2
2062,25,3
2063,52,0
2064,52,4
2065,53,1
2066,55,2
2067,24,2
2068,52,1
2069,21,0
2070,23,3
2071,50,0
2072,50,1
2073,51,4
2074,22,2
2075,23,2
2076,51,4
2077,20,3
2078,25,1
2079,55,4
2080,51,0
2081,25,2
2082,53,0
2083,22,3
2084,51,1
2085,52,4
2086,24,4
2087,53,1
2088,54,4
2089,20,1
2090,22,0
2091,51,3
2092,22,1
2093,20,2
2094,24,0
2095,53,0
2096,21,2
2097,23,3
2098,24,2
2099,21,1
2100,50,3
2101,21,3
2102,23,2
2103,22,1
2104,22,2
2105,22,2
2106,21,2
2107,51,0
2108,24,0
2109,21,2
2110,25,1
2111,51,0
2112,50,0
2113,22,1
2114,20,2
2115,52,1
2116,55,0
2117,20,1
2118,54,2
2119,51,2
2120,50,0
2121,23,2
2122,21,1
2123,21,1
2124,22,2
2125,20,3
2126,25,1
2127,21,2
2128,53,1
2129,22,0
2130,24,1
2131,23,3
2132,22,1
2133,53,0
2134,50,1
2135,51,1
2136,24,3
2137,50,0
2138,52,1
2139,23,2
2140,51,1
2141,25,1
2142,21,2
2143,25,2
2144,54,3
2145,23,1
2146,22,2
2147,22,1
2148,23,2
2149,22,2
2150,23,2
2151,20,2
2152,21,2
2153,22,0
2154,25,4
2155,55,3
2156,22,1
2157,24,2
2158,53,1
2159,25,1
2160,22,1
2161,52,1
2162,54,2
2163,52,1
2164,22,1
2165,21,3
2166,52,0
2167,54,0
2168,53,1
2169,52,0
2170,55,4
2171,54,4
2172,54,2
2173,22,2
2174,55,1
2175,52,0
2176,23,1
2177,22,2
2178,50,0
2179,21,4
2180,51,1
2181,53,0
2182,24,2
2183,23,1
2184,54,0
2185,51,3
2186,24,1
2187,54,0
2188,52,4
2189,20,3
2190,22,0
2191,23,2
2192,55,4
2193,23,3
2194,23,0
2195,54,3
2196,21,1
2197,23,4
2198,52,3
2199,50,4
2200,20,0
2201,51,1
2202,53,3
2203,21,3
2204,50,4
2205,21,2
2206,24,2
2207,21,3
2208,21,1
2209,51,0
2210,55,2
2211,23,1
2212,21,3
2213,24,3
2214,24,3
2215,52,4
2216,53,2
2217,55,1
2218,54,0
2219,52,1
2220,21,2
2221,21,3
2222,21,4
2223,54,0
2224,22,0
2225,51,1
2226,23,1
2227,52,0
2228,21,2
2229,52,4
2230,50,4
2231,21,0
2232,52,3
2233,52,3
2234,51,1
2235,53,0
2236,51,4
2237,51,2
2238,52,3
2239,20,2
2240,20,1
2241,24,0
2242,52,1
2243,22,1
2244,54,4
2245,53,2
2246,24,2
2247,51,0
2248,51,1
2249,23,0
2250,52,0
2251,53,4
2252,54,4
2253,51,0
2254,20,3
2255,25,3
2256,22,2
2257,50,3
2258,21,2
2259,23,2
2260,52,0
2261,54,0
2262,52,4
2263,24,4
2264,53,1
2265,55,4
2266,22,3
2267,25,1
2268,23,2
2269,21,1
2270,23,0
2271,50,4
2272,54,1
2273,51,1
2274,25,2
2275,23,1
2276,51,1
2277,23,0
2278,51,0
2279,55,2
2280,54,0
2281,51,4
2282,25,1
2283,54,4
2284,24,3
2285,20,2
2286,23,2
2287,21,2
2288,53,2
2289,21,2
2290,51,2
2291,50,2
2292,52,3
2293,24,4
2294,23,4
2295,24,3
2296,52,0
2297,21,4
2298,54,0
2299,21,2
2300,23,2
2301,54,2
2302,53,4
2303,23,0
2304,23,1
2305,54,4
2306,53,1
2307,51,1
2308,53,0
2309,21,2
2310,21,3
2311,50,1
2312,21,2
2313,20,3
2314,53,1
2315,22,2
2316,54,4
2317,23,1
2318,55,0
2319,53,4
2320,20,2
2321,54,0
2322,51,0
2323,52,4
2324,22,1
2325,23,2
2326,51,0
2327,54,3
2328,25,1
2329,51,0
2330,53,0
2331,54,0
2332,53,0
2333,51,2
2334,52,4
2335,25,2
2336,20,3
2337,21,3
2338,21,3
2339,20,4
2340,25,3
2341,23,2
2342,22,2
2343,55,2
2344,24,1
2345,52,0
2346,22,2
2347,55,3
2348,25,3
2349,52,0
2350,21,2
2351,23,3
2352,53,4
2353,23,4
2354,23,2
2355,24,1
2356,52,3
2357,53,1
2358,20,3
2359,21,1
2360,21,1
2361,53,4
2362,53,4
2363,53,1
2364,25,3
2365,22,4
2366,53,3
2367,55,4
2368,22,4
2369,51,2
2370,21,0
2371,22,4
2372,55,1
2373,23,1
2374,22,1
2375,51,1
2376,24,2
2377,24,1
2378,54,2
2379,21,1
2380,51,4
2381,54,1
2382,53,3
2383,51,1
2384,23,1
2385,23,2
2386,24,3
2387,54,1
2388,25,3
2389,25,2
2390,51,0
2391,54,0
2392,55,0
2393,52,0
2394,20,3
2395,24,2
2396,52,1
2397,21,2
2398,24,2
2399,51,0
2400,52,1
2401,52,3
2402,53,1
2403,51,2
2404,25,1
2405,24,1
2406,22,2
2407,52,1
2408,54,4
2409,53,4
2410,53,0
2411,20,3
2412,22,2
2413,54,2
2414,55,1
2415,54,0
2416,50,2
2417,51,0
2418,54,2
2419,21,3
2420,25,2
2421,24,2
2422,53,1
2423,52,2
2424,52,2
2425,53,1
2426,55,3
2427,24,2
2428,21,2
2429,21,1
2430,24,1
2431,55,0
2432,24,1
2433,21,2
2434,54,0
2435,55,1
2436,51,3
2437,22,2
2438,52,0
2439,24,1
2440,21,1
2441,54,3
2442,53,0
2443,54,3
2444,21,2
2445,22,1
2446,54,1
2447,54,4
2448,52,2
2449,23,2
2450,55,3
2451,52,1
2452,21,3
2453,50,1
2454,54,0
2455,22,2
2456,25,3
2457,21,4
2458,52,0
2459,21,2
2460,54,2
2461,52,0
2462,54,0
2463,23,1
2464,51,0
2465,54,3
2466,50,3
2467,23,3
2468,54,1
2469,52,1
2470,54,1
2471,23,1
2472,21,3
2473,52,1
2474,21,1
2475,20,1
2476,52,0
2477,53,4
2478,24,2
2479,53,2
2480,22,3
2481,20,2
2482,23,2
2483,22,1
2484,52,0
2485,52,2
2486,53,0
2487,54,1
2488,51,1
2489,20,3
2490,24,1
2491,21,3
2492,21,1
2493,53,1
2494,21,1
2495,50,2
2496,23,2
2497,21,0
2498,54,0
2499,24,1
2500,23,1
2501,24,3
2502,23,2
2503,24,2
2504,52,4
2505,51,1
2506,50,0
2507,55,1
2508,20,0
2509,24,3
2510,21,2
2511,52,4
2512,21,2
2513,50,0
2514,22,2
2515,55,4
2516,22,1
2517,54,4
2518,24,2
2519,23,2
2520,55,0
2521,23,3
2522,54,1
2523,51,2
2524,22,3
2525,50,3
2526,22,4
2527,24,1
2528,55,3
2529,23,1
2530,53,1
2531,51,2
2532,22,2
2533,55,0
2534,23,1
2535,24,3
2536,51,2
2537,54,0
2538,54,4
2539,52,0
2540,51,2
2541,52,0
2542,24,2
2543,24,1
2544,52,0
2545,55,2
2546,50,2
2547,21,3
2548,24,2
2549,21,1
2550,53,2
2551,24,4
2552,24,2
2553,54,2
2554,20,2
2555,21,1
2556,22,3
2557,22,2
2558,51,0
2559,21,3
2560,24,3
2561,54,0
2562,53,1
2563,51,1
2564,54,4
2565,23,3
2566,21,4
2567,55,1
2568,22,2
2569,24,3
2570,54,4
2571,53,0
2572,24,3
2573,50,0
2574,51,4
2575,24,1
2576,22,3
2577,25,0
2578,24,1
2579,20,2
2580,22,2
2581,51,0
2582,22,0
2583,51,3
2584,20,1
2585,20,3
2586,51,4
2587,23,3
2588,51,2
2589,51,4
2590,24,2
2591,54,4
2592,24,2
2593,20,3
2594,51,4
2595,51,4
2596,23,1
2597,21,1
2598,55,0
2599,21,0
2600,22,2
2601,51,2
2602,53,2
2603,55,3
2604,53,1
2605,53,0
2606,50,0
2607,51,1
2608,23,2
2609,21,3
2610,54,0
2611,52,1
2612,50,1
2613,25,2
2614,54,3
2615,52,0
2616,52,2
2617,22,3
2618,22,3
2619,24,2
2620,52,0
2621,22,2
2622,51,4
2623,53,0
2624,24,2
2625,51,1
2626,54,0
2627,55,0
2628,23,1
2629,25,3
2630,23,2
2631,25,1
2632,53,1
2633,24,1
2634,52,3
2635,22,3
2636,50,1
2637,53,0
2638,54,1
2639,23,2
2640,20,2
2641,54,4
2642,53,0
2643,21,3
2644,50,0
2645,50,0
2646,53,0
2647,52,2
2648,23,2
2649,21,1
2650,21,1
2651,53,1
2652,50,1
2653,21,2
2654,54,0
2655,53,2
2656,53,4
2657,21,1
2658,53,2
2659,50,4
2660,52,1
2661,23,2
2662,21,3
2663,53,1
2664,53,0
2665,21,4
2666,21,2
2667,52,4
2668,55,2
2669,23,1
2670,24,2
2671,23,1
2672,51,4
2673,22,2
2674,54,1
2675,51,1
2676,55,0
2677,52,2
2678,51,1
2679,23,1
2680,55,1
2681,25,2
2682,23,2
2683,52,0
2684,20,1
2685,22,0
2686,55,4
2687,20,1
2688,24,1
2689,22,3
2690,53,1
2691,23,1
2692,22,2
2693,23,2
2694,23,3
2695,22,2
2696,24,1
2697,20,2
2698,24,1
2699,24,2
2700,53,0
2701,54,0
2702,55,4
2703,21,3
2704,20,1
2705,52,2
2706,53,0
2707,25,3
2708,22,2
2709,51,4
2710,54,1
2711,51,0
2712,25,2
2713,51,0
2714,52,0
2715,20,2
2716,21,1
2717,21,2
2718,23,3
2719,53,1
2720,22,1
2721,51,2
2722,23,1
2723,21,2
2724,51,4
2725,50,0
2726,20,0
2727,23,3
2728,51,2
2729,53,4
2730,54,4
2731,21,1
2732,51,2
2733,53,1
2734,53,2
2735,23,1
2736,22,0
2737,22,2
2738,23,4
2739,51,0
2740,54,4
2741,25,2
2742,22,2
2743,24,0
2744,25,3
2745,54,0
2746,51,1
2747,23,1
2748,21,2
2749,52,1
2750,55,4
2751,53,3
2752,51,4
2753,54,0
2754,54,0
2755,55,1
2756,54,1
2757,55,3
2758,24,3
2759,55,0
2760,53,1
2761,22,3
2762,25,3
2763,20,1
2764,22,2
2765,25,2
2766,24,2
2767,24,1
2768,21,2
2769,20,1
2770,24,1
2771,25,2
2772,52,1
2773,53,0
2774,52,0
2775,55,4
2776,21,2
2777,54,4
2778,24,2
2779,50,1
2780,50,0
2781,52,0
2782,22,4
2783,55,4
2784,54,0
2785,51,0
2786,22,1
2787,53,1
2788,54,4
2789,55,2
2790,51,1
2791,51,1
2792,50,2
2793,22,3
2794,24,1
2795,54,3
2796,51,1
2797,51,0
2798,23,1
2799,52,4
2800,21,2
2801,24,2
2802,24,3
2803,24,1
2804,51,0
2805,52,3
2806,24,2
2807,52,1
2808,53,0
2809,53,3
2810,21,2
2811,22,2
2812,24,2
2813,21,3
2814,52,2
2815,54,0
2816,23,2
2817,25,2
2818,50,1
2819,24,3
2820,55,2
2821,51,2
2822,24,2
2823,25,0
2824,54,4
2825,23,3
2826,21,2
2827,20,2
2828,52,0
2829,22,3
2830,55,0
2831,23,1
2832,24,3
2833,23,3
2834,51,0
2835,21,3
2836,51,0
2837,24,2
2838,54,0
2839,22,1
2840,53,3
2841,54,3
2842,21,2
2843,22,0
2844,51,3
2845,52,4
2846,54,4
2847,52,2
2848,22,1
2849,51,0
2850,54,1
2851,51,1
2852,51,4
2853,55,2
2854,54,2
2855,22,1
2856,52,1
2857,21,2
2858,52,3
2859,53,0
2860,24,1
2861,24,0
2862,54,1
2863,24,3
2864,21,2
2865,24,1
2866,24,2
2867,52,0
2868,54,4
2869,51,2
2870,53,4
2871,54,1
2872,22,3
2873,53,1
2874,24,1
2875,54,0
2876,21,2
2877,23,0
2878,52,1
2879,22,3
2880,54,0
2881,20,1
2882,25,2
2883,23,2
2884,52,1
2885,22,1
2886,24,1
2887,55,4
2888,25,2
2889,23,4
2890,54,1
2891,22,2
2892,54,0
2893,53,3
2894,51,0
2895,52,0
2896,23,1
2897,21,3
2898,23,2
2899,51,1
2900,24,1
2901,55,3
2902,51,1
2903,50,4
2904,23,2
2905,54,4
2906,53,0
2907,25,2
2908,50,1
2909,22,4
2910,52,0
2911,23,2
2912,54,2
2913,51,0
2914,52,0
2915,55,3
2916,50,0
2917,23,1
2918,54,3
2919,52,2
2920,21,3
2921,22,1
2922,52,2
2923,23,4
2924,24,2
2925,51,2
2926,24,3
2927,53,2
2928,25,0
2929,51,3
2930,53,0
2931,54,1
2932,55,4
2933,52,4
2934,23,2
2935,54,0
2936,24,3
2937,25,4
2938,53,0
2939,52,1
2940,23,2
2941,51,2
2942,54,3
2943,24,3
2944,20,3
2945,21,1
2946,51,1
2947,53,0
2948,54,2
2949,25,2
2950,54,0
2951,25,2
2952,21,2
2953,52,2
2954,51,3
2955,53,2
2956,23,3
2957,24,2
2958,23,2
2959,53,1
2960,23,1
2961,53,2
2962,21,4
2963,54,2
2964,23,1
2965,52,0
2966,55,1
2967,55,4
2968,53,2
2969,25,3
2970,23,1
2971,25,3
2972,51,0
2973,51,2
2974,53,1
2975,53,0
2976,22,4
2977,54,2
2978,55,0
2979,20,1
2980,21,3
2981,54,2
2982,23,2
2983,20,2
2984,22,2
2985,55,0
2986,23,2
2987,54,1
2988,51,0
2989,52,1
2990,23,1
2991,22,4
2992,22,1
2993,50,1
2994,51,4
2995,53,0
2996,23,1
2997,24,2
2998,21,1
2999,52,2
3000,50,4
3001,22,1
3002,54,2
3003,55,2
3004,21,3
3005,23,2
3006,53,3
3007,20,1
3008,25,3
3009,54,0
3010,50,4
3011,51,0
3012,50,2
3013,20,1
3014,51,2
3015,50,3
3016,51,0
3017,54,0
3018,22,2
3019,24,3
3020,54,0
3021,54,1
3022,24,4
3023,55,2
3024,51,1
3025,24,1
3026,25,2
3027,53,1
3028,21,1
3029,51,4
3030,51,0
3031,23,3
3032,23,2
3033,53,1
3034,23,4
3035,24,2
3036,23,1
3037,50,4
3038,23,1
3039,22,2
3040,54,0
3041,25,2
3042,23,3
3043,54,4
3044,23,2
3045,52,2
3046,22,2
3047,51,1
3048,21,1
3049,51,0
3050,24,2
3051,53,0
3052,54,0
3053,23,3
3054,52,3
3055,23,2
3056,55,0
3057,21,2
3058,20,3
3059,21,2
3060,52,4
3061,52,0
3062,51,4
3063,23,3
3064,24,4
3065,51,1
3066,25,3
3067,53,0
3068,24,0
3069,51,4
3070,22,1
3071,21,2
3072,25,1
3073,52,2
3074,23,1
3075,21,3
3076,21,4
3077,52,4
3078,23,3
3079,52,4
3080,51,0
3081,22,2
3082,52,1
3083,21,3
3084,50,0
3085,53,0
3086,20,1
3087,52,1
3088,25,2
3089,55,4
3090,53,2
3091,54,1
3092,21,1
3093,23,3
3094,20,2
3095,24,3
3096,54,3
3097,22,3
3098,20,1
3099,20,1
3100,22,3
3101,24,1
3102,24,3
3103,54,0
3104,53,0
3105,23,3
3106,52,1
3107,52,3
3108,50,4
3109,23,1
3110,50,4
3111,23,1
3112,52,2
3113,55,0
3114,25,2
3115,50,0
3116,23,3
3117,54,4
3118,52,0
3119,21,3
3120,22,3
3121,22,2
3122,25,2
3123,20,3
3124,21,2
3125,50,0
3126,22,0
3127,52,1
3128,54,4
3129,22,1
3130,23,2
3131,24,1
3132,22,2
3133,54,1
3134,51,4
3135,23,1
3136,51,4
3137,52,3
3138,24,3
3139,22,2
3140,54,0
3141,52,1
3142,50,2
3143,51,4
3144,50,2
3145,23,3
3146,25,1
3147,53,3
3148,51,3
3149,52,2
3150,20,3
3151,51,1
3152,24,1
3153,22,3
3154,20,2
3155,24,1
3156,53,2
3157,50,3
3158,50,4
3159,55,2
3160,55,2
3161,51,0
3162,53,1
3163,22,1
3164,52,2
3165,25,3
3166,52,0
3167,21,3
3168,24,2
3169,51,3
3170,52,2
3171,23,3
3172,54,1
3173,23,1
3174,20,1
3175,21,2
3176,23,2
3177,22,1
3178,21,3
3179,53,0
3180,52,2
3181,54,0
3182,22,2
3183,53,0
3184,55,3
3185,24,3
3186,53,4
3187,24,2
3188,55,0
3189,52,2
3190,23,3
3191,23,2
3192,54,4
3193,52,4
3194,52,1
3195,51,0
3196,20,1
3197,51,4
3198,21,3
3199,52,1
3200,50,0
3201,24,1
3202,21,3
3203,22,1
3204,21,1
3205,53,1
3206,22,4
3207,50,1
3208,53,4
3209,24,3
3210,22,2
3211,51,4
3212,22,1
3213,25,2
3214,23,3
3215,54,4
3216,23,1
3217,50,4
3218,50,4
3219,24,3
3220,53,4
3221,50,1
3222,23,3
3223,22,2
3224,25,4
3225,54,1
3226,24,2
3227,50,4
3228,20,3
3229,51,2
3230,52,4
3231,53,4
3232,25,3
3233,51,2
3234,21,2
3235,52,2
3236,53,0
3237,25,4
3238,50,4
3239,24,2
3240,20,1
3241,24,2
3242,52,4
3243,54,0
3244,21,1
3245,24,3
3246,22,3
3247,52,0
3248,21,1
3249,51,0
3250,22,3
3251,51,1
3252,53,3
3253,22,2
3254,24,0
3255,23,2
3256,54,2
3257,54,3
3258,23,1
3259,53,2
3260,22,2
3261,50,2
3262,53,0
3263,53,2
3264,24,2
3265,54,1
3266,50,0
3267,55,4
3268,52,1
3269,21,0
3270,21,3
3271,54,0
3272,21,2
3273,22,2
3274,53,2
3275,53,0
3276,55,4
3277,52,2
3278,52,4
3279,54,4
3280,23,4
3281,21,3
3282,53,2
3283,22,1
3284,20,4
3285,52,3
3286,54,4
3287,53,2
3288,25,3
3289,22,2
3290,53,1
3291,23,1
3292,23,2
3293,22,3
3294,23,3
3295,23,2
3296,21,3
3297,24,1
3298,23,2
3299,53,1
3300,22,3
3301,54,0
3302,23,2
3303,50,3
3304,22,1
3305,54,1
3306,53,1
3307,54,0
3308,24,2
3309,53,4
3310,51,1
3311,22,2
3312,54,0
3313,53,2
3314,20,3
3315,54,0
3316,52,4
3317,54,0
3318,22,2
3319,25,3
3320,54,1
3321,55,4
3322,22,1
3323,55,1
3324,50,4
3325,52,4
3326,21,3
3327,54,0
3328,53,0
3329,55,0
3330,53,2
3331,51,4
3332,51,2
3333,51,1
3334,21,1
3335,23,2
3336,51,2
3337,21,3
3338,55,4
3339,52,1
3340,52,0
3341,51,1
3342,24,2
3343,22,2
3344,25,1
3345,22,2
3346,55,0
3347,22,2
3348,55,0
3349,23,1
3350,24,2
3351,23,1
3352,51,1
3353,51,0
3354,51,0
3355,54,0
3356,52,0
3357,24,2
3358,25,1
3359,53,2
3360,22,3
3361,53,0
3362,24,2
3363,20,3
3364,54,1
3365,53,3
3366,55,0
3367,25,1
3368,20,2
3369,23,1
3370,51,1
3371,24,3
3372,23,2
3373,22,2
3374,50,4
3375,51,0
3376,52,0
3377,25,2
3378,51,1
3379,55,0
3380,20,1
3381,22,0
3382,54,1
3383,23,2
3384,21,1
3385,21,1
3386,53,4
3387,53,2
3388,52,0
3389,53,4
3390,50,2
3391,55,4
3392,52,3
3393,20,1
3394,53,4
3395,20,3
3396,51,3
3397,53,0
3398,54,4
3399,21,3
3400,22,2
3401,22,2
3402,24,3
3403,21,1
3404,24,1
3405,21,1
3406,55,1
3407,51,2
3408,54,2
3409,53,0
3410,24,2
3411,21,2
3412,21,1
3413,52,0
3414,22,1
3415,23,4
3416,54,1
3417,54,1
3418,50,0
3419,24,1
3420,21,2
3421,50,0
3422,52,0
3423,54,1
3424,24,3
3425,24,2
3426,21,3
3427,52,0
3428,24,2
3429,53,0
3430,54,1
3431,21,2
3432,51,0
3433,55,3
3434,51,4
3435,25,0
3436,55,2
3437,23,0
3438,24,3
3439,22,2
3440,53,1
3441,51,1
3442,20,3
3443,22,3
3444,51,0
3445,52,0
3446,21,1
3447,54,1
3448,52,0
3449,21,1
3450,20,1
3451,51,1
3452,50,0
3453,51,4
3454,23,2
3455,24,1
3456,24,3
3457,23,2
3458,52,0
3459,24,2
3460,22,3
3461,52,3
3462,50,2
3463,52,0
3464,55,4
3465,52,1
3466,53,0
3467,52,0
3468,25,2
3469,51,0
3470,23,2
3471,23,3
3472,54,0
3473,51,1
3474,51,4
3475,23,3
3476,53,0
3477,51,0
3478,52,0
3479,24,2
3480,24,1
3481,51,2
3482,53,0
3483,24,1
3484,55,2
3485,51,1
3486,21,2
3487,24,2
3488,21,1
3489,20,1
3490,24,1
3491,24,3
3492,23,1
3493,53,1
3494,51,2
3495,54,1
3496,21,1
3497,23,2
3498,51,0
3499,55,0
3500,23,2
3501,53,0
3502,52,1
3503,52,4
3504,54,0
3505,20,2
3506,21,1
3507,20,1
3508,24,2
3509,53,1
3510,51,3
3511,20,1
3512,51,4
3513,23,3
3514,21,1
3515,52,1
3516,54,2
3517,22,2
3518,24,0
3519,51,3
3520,52,4
3521,25,3
3522,55,3
3523,23,1
3524,23,1
3525,54,4
3526,55,1
3527,24,0
3528,21,3
3529,54,1
3530,22,1
3531,24,2
3532,52,4
3533,51,4
3534,21,1
3535,23,4
3536,21,3
3537,22,1
3538,50,1
3539,51,3
3540,52,2
3541,21,3
3542,25,2
3543,25,2
3544,22,1
3545,20,3
3546,21,1
3547,20,1
3548,55,1
3549,53,0
3550,21,2
3551,23,3
3552,53,2
3553,51,3
3554,51,0
3555,21,4
3556,50,0
3557,21,2
3558,55,1
3559,21,2
3560,51,2
3561,23,3
3562,53,4
3563,50,0
3564,54,0
3565,53,3
3566,50,1
3567,23,1
3568,23,3
3569,22,3
3570,24,3
3571,53,1
3572,25,1
3573,52,1
3574,22,4
3575,20,3
3576,21,1
3577,50,1
3578,52,2
3579,50,0
3580,54,2
3581,20,3
3582,53,2
3583,55,0
3584,23,1
3585,21,0
3586,52,4
3587,53,1
3588,52,2
3589,21,1
3590,51,4
3591,23,2
3592,54,1
3593,55,0
3594,53,1
3595,24,2
3596,52,1
3597,52,3
3598,53,4
3599,54,4
3600,23,1
3601,54,0
3602,53,4
3603,22,3
3604,55,4
3605,22,1
3606,50,0
3607,23,2
3608,24,1
3609,24,3
3610,22,2
3611,24,3
3612,52,3
3613,25,0
3614,24,2
3615,21,1
3616,55,0
3617,52,1
3618,24,3
3619,22,1
3620,20,2
3621,52,1
3622,51,0
3623,24,4
3624,21,1
3625,24,1
3626,25,3
3627,50,4
3628,21,2
3629,23,1
3630,23,2
3631,24,1
3632,21,3
3633,54,1
3634,22,3
3635,23,2
3636,53,2
3637,51,2
3638,22,0
3639,25,2
3640,55,0
3641,24,4
3642,52,0
3643,21,2
3644,54,3
3645,25,2
3646,22,1
3647,55,1
3648,24,3
3649,21,3
3650,54,0
3651,25,2
3652,53,0
3653,54,2
3654,52,0
3655,51,0
3656,50,1
3657,50,4
3658,23,1
3659,51,0
3660,20,1
3661,20,1
3662,22,3
3663,51,3
3664,25,3
3665,51,1
3666,21,1
3667,53,2
3668,51,2
3669,50,2
3670,20,1
3671,55,2
3672,24,2
3673,24,2
3674,24,3
3675,21,2
3676,53,0
3677,24,3
3678,51,4
3679,53,0
3680,24,3
3681,55,4
3682,54,4
3683,22,3
3684,55,1
3685,25,1
3686,20,3
3687,24,1
3688,55,1
3689,53,1
3690,24,0
3691,53,3
3692,54,0
3693,24,2
3694,52,4
3695,54,1
3696,51,0
3697,53,0
3698,54,0
3699,25,2
3700,51,1
3701,21,0
3702,53,1
3703,23,1
3704,22,1
3705,52,0
3706,24,3
3707,23,3
3708,22,2
3709,53,4
3710,50,1
3711,24,2
3712,53,0
3713,21,1
3714,52,3
3715,21,0
3716,55,1
3717,52,4
3718,53,0
3719,24,2
3720,21,3
3721,50,1
3722,55,1
3723,54,1
3724,52,3
3725,24,4
3726,25,3
3727,24,3
3728,50,4
3729,24,3
3730,23,1
3731,23,3
3732,23,3
3733,24,1
3734,20,3
3735,51,1
3736,54,2
3737,52,0
3738,50,2
3739,53,0
3740,23,4
3741,54,3
3742,50,4
3743,21,1
3744,52,0
3745,21,1
3746,24,4
3747,20,2
3748,52,1
3749,23,1
3750,22,2
3751,21,3
3752,21,2
3753,54,2
3754,23,4
3755,23,1
3756,51,2
3757,20,2
3758,52,2
3759,23,4
3760,51,0
3761,55,2
3762,54,3
3763,21,2
3764,21,2
3765,24,4
3766,22,3
3767,23,1
3768,21,3
3769,52,1
3770,23,3
3771,23,0
3772,51,1
3773,21,1
3774,24,3
3775,50,1
3776,55,2
3777,53,4
3778,21,4
3779,21,1
3780,23,4
3781,52,1
3782,52,2
3783,55,4
3784,23,2
3785,55,4
3786,53,3
3787,22,2
3788,52,3
3789,51,1
3790,25,3
3791,21,3
3792,24,0
3793,22,2
3794,22,1
3795,53,2
3796,50,2
3797,53,0
3798,50,1
3799,24,2
3800,54,2
3801,21,3
3802,51,0
3803,55,2
3804,23,2
3805,50,1
3806,21,1
3807,53,1
3808,22,2
3809,22,2
3810,54,0
3811,21,2
3812,25,1
3813,51,4
3814,24,3
3815,23,0
3816,53,3
3817,54,0
3818,51,4
3819,52,1
3820,52,1
3821,52,0
3822,52,1
3823,52,4
3824,53,0
3825,53,0
3826,25,1
3827,23,2
3828,22,3
3829,25,1
3830,54,0
3831,52,2
3832,53,0
3833,25,2
3834,21,1
3835,52,1
3836,51,4
3837,22,2
3838,24,3
3839,22,1
3840,50,4
3841,54,2
3842,51,0
3843,52,0
3844,22,2
3845,53,0
3846,54,1
3847,22,2
3848,54,1
3849,24,0
3850,22,3
3851,54,0
3852,20,1
3853,22,1
3854,52,4
3855,52,4
3856,23,2
3857,52,3
3858,54,0
3859,21,2
3860,51,0
3861,21,2
3862,23,0
3863,51,3
3864,21,4
3865,53,0
3866,24,3
3867,55,1
3868,54,1
3869,24,2
3870,52,4
3871,23,2
3872,24,4
3873,52,1
3874,24,1
3875,50,0
3876,25,2
3877,51,4
3878,52,4
3879,22,3
3880,22,2
3881,24,2
3882,52,4
3883,21,0
3884,21,2
3885,24,2
3886,54,2
3887,24,0
3888,50,4
3889,22,2
3890,21,2
3891,20,3
3892,55,2
3893,50,0
3894,51,2
3895,22,3
3896,24,2
3897,55,2
3898,20,1
3899,53,0
3900,22,1
3901,55,4
3902,23,1
3903,51,0
3904,20,3
3905,52,3
3906,23,3
3907,23,2
3908,23,2
3909,24,3
3910,50,3
3911,54,0
3912,23,1
3913,24,0
3914,54,4
3915,52,1
3916,54,0
3917,52,4
3918,52,1
3919,53,4
3920,22,2
3921,25,2
3922,22,2
3923,24,2
3924,54,2
3925,24,3
3926,51,0
3927,51,0
3928,51,4
3929,22,2
3930,22,1
3931,54,3
3932,20,4
3933,52,0
3934,21,2
3935,22,2
3936,52,1
3937,52,0
3938,23,4
3939,23,2
3940,22,1
3941,25,1
3942,54,2
3943,24,2
3944,24,2
3945,24,1
3946,24,3
3947,24,3
3948,22,1
3949,20,3
3950,25,2
3951,23,1
3952,52,2
3953,23,3
3954,24,3
3955,54,3
3956,53,1
3957,20,0
3958,51,4
3959,51,1
3960,50,0
3961,22,2
3962,50,1
3963,23,2
3964,51,4
3965,21,2
3966,22,4
3967,54,1
3968,23,2
3969,22,4
3970,23,3
3971,21,3
3972,23,3
3973,52,3
3974,53,3
3975,21,2
3976,52,0
3977,23,4
3978,52,0
3979,23,2
3980,20,4
3981,50,0
3982,53,0
3983,21,2
3984,55,4
3985,52,1
3986,55,0
3987,53,1
3988,53,0
3989,25,3
3990,23,1
3991,24,1
3992,22,4
3993,22,1
3994,22,2
3995,25,4
3996,55,0
3997,25,2
3998,54,1
3999,52,1
4000,50,2
4001,25,1
4002,50,4
4003,24,1
4004,52,2
4005,24,1
4006,53,2
4007,50,1
4008,20,1
4009,23,2
4010,21,1
4011,51,0
4012,21,3
4013,21,3
4014,52,2
4015,51,1
4016,23,2
4017,53,4
4018,50,0
4019,53,0
4020,22,0
4021,54,0
4022,21,2
4023,53,0
4024,20,2
4025,51,4
4026,52,0
4027,50,3
4028,52,1
4029,52,2
4030,22,0
4031,55,3
4032,53,0
4033,54,1
4034,53,0
4035,53,0
4036,53,1
4037,23,1
4038,22,1
4039,54,2
4040,51,1
4041,22,2
4042,22,0
4043,51,0
4044,53,0
4045,20,2
4046,51,0
4047,22,2
4048,51,3
4049,51,4
4050,52,4
4051,21,3
4052,21,2
4053,53,4
4054,50,0
4055,24,1
4056,23,0
4057,53,0
4058,51,3
4059,23,3
4060,53,3
4061,22,2
4062,23,2
4063,21,2
4064,24,2
4065,20,2
4066,23,4
4067,21,3
4068,25,1
4069,51,0
4070,24,1
4071,51,4
4072,20,3
4073,53,4
4074,22,2
4075,21,0
4076,54,2
4077,23,2
4078,53,4
4079,22,2
4080,53,0
4081,50,0
4082,54,0
4083,55,1
4084,54,0
4085,51,1
4086,53,2
4087,53,0
4088,52,1
4089,51,4
4090,51,0
4091,22,0
4092,21,2
4093,53,4
4094,20,1
4095,23,3
4096,55,3
4097,52,0
4098,55,1
4099,24,2
4100,22,2
4101,25,2
4102,55,0
4103,21,0
4104,21,2
4105,51,1
4106,25,2
4107,22,2
4108,21,2
4109,24,0
4110,53,0
4111,22,2
4112,20,2
4113,52,1
4114,21,3
4115,53,2
4116,55,0
4117,51,4
4118,24,2
4119,22,1
4120,22,3
4121,25,0
4122,24,1
4123,54,1
4124,20,1
4125,51,2
4126,20,2
4127,50,2
4128,52,4
4129,51,4
4130,24,3
4131,24,3
4132,54,0
4133,54,3
4134,53,0
4135,22,2
4136,21,1
4137,21,1
4138,51,2
4139,22,2
4140,21,3
4141,50,0
4142,23,3
4143,24,2
4144,22,1
4145,23,2
4146,52,4
4147,23,0
4148,24,2
4149,55,0
4150,51,0
4151,23,2
4152,55,0
4153,53,1
4154,51,0
4155,54,0
4156,55,1
4157,20,1
4158,53,4
4159,52,0
4160,54,1
4161,24,4
4162,23,1
4163,55,0
4164,53,2
4165,24,1
4166,25,2
4167,53,1
4168,51,3
4169,20,1
4170,22,2
4171,24,2
4172,51,3
4173,50,0
4174,53,4
4175,52,2
4176,52,0
4177,23,3
4178,23,2
4179,23,2
4180,21,3
4181,54,1
4182,51,0
4183,21,2
4184,53,0
4185,53,0
4186,24,3
4187,25,1
4188,51,4
4189,23,0
4190,21,1
4191,55,1
4192,25,2
4193,20,3
4194,23,3
4195,21,2
4196,22,2
4197,55,3
4198,55,1
4199,50,0
4200,23,0
4201,53,2
4202,21,4
4203,51,4
4204,52,0
4205,22,2
4206,24,3
4207,21,1
4208,52,1
4209,52,1
4210,21,0
4211,23,2
4212,52,2
4213,50,2
4214,52,4
4215,21,2
4216,52,3
4217,21,2
4218,24,1
4219,52,0
4220,23,2
4221,23,2
4222,21,2
4223,55,4
4224,54,3
4225,21,3
4226,50,1
4227,21,3
4228,54,1
4229,23,1
4230,51,4
4231,52,0
4232,22,1
4233,20,2
4234,52,1
4235,55,1
4236,23,2
4237,25,1
4238,23,3
4239,22,3
4240,21,2
4241,54,4
4242,22,3
4243,50,4
4244,52,2
4245,53,3
4246,22,2
4247,52,0
4248,25,1
4249,53,4
4250,25,2
4251,53,2
4252,54,4
4253,54,2
4254,21,2
4255,55,1
4256,50,1
4257,54,4
4258,23,3
4259,23,0
4260,54,1
4261,21,1
4262,20,1
4263,53,0
4264,54,3
4265,54,0
4266,24,1
4267,24,3
4268,51,2
4269,53,2
4270,51,2
4271,52,4
4272,25,1
4273,52,4
4274,23,3
4275,52,3
4276,24,0
4277,53,4
4278,24,3
4279,53,1
4280,22,2
4281,52,3
4282,53,2
4283,54,0
4284,23,2
4285,53,0
4286,22,2
4287,55,4
4288,52,1
4289,52,1
4290,25,3
4291,24,2
4292,24,0
4293,52,4
4294,54,0
4295,23,2
4296,55,4
4297,51,0
4298,21,3
4299,54,2
4300,55,0
4301,23,3
4302,54,1
4303,51,1
4304,20,4
4305,52,1
4306,55,3
4307,50,0
4308,53,4
4309,21,2
4310,53,1
4311,20,2
4312,22,3
4313,25,3
4314,23,3
4315,51,1
4316,21,1
4317,54,4
4318,23,2
4319,24,3
4320,52,0
4321,24,3
4322,55,4
4323,21,1
4324,21,0
4325,51,3
4326,22,4
4327,55,0
4328,21,3
4329,23,2
4330,22,3
4331,23,3
4332,24,2
4333,50,1
4334,25,2
4335,23,2
4336,55,0
4337,51,1
4338,22,2
4339,22,2
4340,22,1
4341,54,1
4342,53,0
4343,24,2
4344,24,4
4345,21,0
4346,51,2
4347,54,4
4348,52,0
4349,20,3
4350,55,2
4351,54,2
4352,52,2
4353,25,3
4354,50,2
4355,50,4
4356,23,2
4357,25,3
4358,20,3
4359,53,3
4360,21,2
4361,51,0
4362,51,0
4363,50,3
4364,53,2
4365,22,2
4366,51,4
4367,53,3
4368,20,1
4369,51,0
4370,24,2
4371,50,3
4372,21,2
4373,51,2
4374,22,1
4375,50,0
4376,21,1
4377,24,2
4378,53,1
4379,23,2
4380,53,2
4381,52,2
4382,21,2
4383,54,2
4384,23,3
4385,23,3
4386,23,2
4387,52,2
4388,52,0
4389,21,1
4390,51,4
4391,21,1
4392,50,2
4393,21,2
4394,53,0
4395,21,3
4396,21,3
4397,24,3
4398,54,0
4399,52,0
4400,23,3
4401,52,0
4402,54,0
4403,23,1
4404,22,1
4405,53,0
4406,24,2
4407,50,0
4408,20,2
4409,22,1
4410,52,1
4411,22,1
4412,22,2
4413,21,2
4414,51,3
4415,55,1
4416,51,1
4417,23,1
4418,54,0
4419,25,2
4420,21,3
4421,20,1
4422,52,2
4423,54,0
4424,55,0
4425,25,1
4426,25,2
4427,22,1
4428,52,4
4429,53,0
4430,24,3
4431,54,0
4432,20,2
4433,54,3
4434,22,2
4435,21,0
4436,23,2
4437,22,2
4438,20,2
4439,51,2
4440,51,1
4441,54,1
4442,21,3
4443,54,2
4444,55,0
4445,24,1
4446,54,1
4447,22,2
4448,51,0
4449,53,4
4450,23,2
4451,53,0
4452,22,1
4453,23,2
4454,51,4
4455,54,2
4456,52,2
4457,51,0
4458,53,1
4459,50,2
4460,51,2
4461,53,4
4462,54,0
4463,50,1
4464,21,2
4465,54,1
4466,51,0
4467,51,2
4468,24,1
4469,52,0
4470,20,1
4471,52,0
4472,53,1
4473,22,3
4474,22,2
4475,23,2
4476,53,4
4477,52,0
4478,24,0
4479,54,1
4480,23,2
4481,21,1
4482,24,1
4483,54,0
4484,24,4
4485,51,4
4486,51,3
4487,25,1
4488,55,0
4489,25,4
4490,21,1
4491,54,4
4492,51,1
4493,23,2
4494,51,1
4495,23,3
4496,24,3
4497,54,1
4498,22,0
4499,24,2
4500,53,0
4501,50,1
4502,24,3
4503,53,1
4504,53,0
4505,52,0
4506,23,2
4507,50,4
4508,53,2
4509,53,0
4510,52,0
4511,55,4
4512,52,2
4513,22,2
4514,53,4
4515,21,2
4516,51,3
4517,25,1
4518,24,2
4519,20,3
4520,25,2
4521,53,0
4522,52,2
4523,23,4
4524,23,0
4525,23,2
4526,50,1
4527,51,3
4528,54,0
4529,23,2
4530,22,2
4531,22,1
4532,24,1
4533,53,4
4534,20,3
4535,21,0
4536,51,1
4537,25,4
4538,55,0
4539,22,3
4540,25,0
4541,53,0
4542,20,3
4543,24,2
4544,21,2
4545,55,4
4546,22,1
4547,54,2
4548,51,0
4549,52,1
4550,52,3
4551,53,1
4552,23,3
4553,52,2
4554,50,4
4555,50,4
4556,53,2
4557,54,0
4558,54,1
4559,51,4
4560,22,3
4561,54,1
4562,54,1
4563,50,3
4564,24,1
4565,25,2
4566,20,3
4567,53,2
4568,52,4
4569,24,3
4570,53,0
4571,22,2
4572,22,3
4573,55,0
4574,51,3
4575,25,2
4576,21,1
4577,21,1
4578,21,0
4579,53,4
4580,52,0
4581,53,0
4582,53,1
4583,54,4
4584,54,1
4585,53,0
4586,50,1
4587,52,4
4588,54,0
4589,51,0
4590,51,0
4591,24,0
4592,20,3
4593,25,1
4594,51,0
4595,25,1
4596,24,2
4597,52,2
4598,22,2
4599,23,2
4600,51,4
4601,21,0
4602,22,4
4603,54,4
4604,24,1
4605,50,0
4606,22,2
4607,55,3
4608,53,4
4609,24,1
4610,52,1
4611,53,1
4612,51,0
4613,54,0
4614,24,1
4615,50,1
4616,54,4
4617,51,1
4618,24,2
4619,52,1
4620,23,3
4621,52,0
4622,24,1
4623,53,4
4624,50,2
4625,54,4
4626,53,1
4627,23,2
4628,24,1
4629,55,0
4630,20,3
4631,22,1
4632,53,4
4633,24,2
4634,51,1
4635,22,2
4636,24,0
4637,24,1
4638,21,2
4639,54,2
4640,22,3
4641,52,0
4642,53,3
4643,51,2
4644,23,2
4645,23,1
4646,53,1
4647,24,2
4648,52,0
4649,52,0
4650,52,1
4651,52,0
4652,24,2
4653,53,0
4654,50,0
4655,54,2
4656,50,0
4657,54,0
4658,52,0
4659,51,2
4660,50,0
4661,55,4
4662,55,0
4663,24,3
4664,53,3
4665,22,1
4666,52,1
4667,50,2
4668,23,1
4669,50,1
4670,51,3
4671,20,4
4672,20,1
4673,20,1
4674,24,3
4675,23,1
4676,51,2
4677,20,4
4678,53,0
4679,23,2
4680,23,2
4681,22,1
4682,21,2
4683,53,4
4684,55,4
4685,53,4
4686,24,2
4687,52,4
4688,22,1
4689,22,2
4690,54,0
4691,21,2
4692,54,2
4693,50,1
4694,53,0
4695,24,1
4696,23,3
4697,52,1
4698,51,0
4699,51,1
4700,23,2
4701,55,4
4702,51,2
4703,21,2
4704,53,0
4705,52,0
4706,24,3
4707,54,1
4708,23,1
4709,24,2
4710,51,1
4711,22,4
4712,51,4
4713,23,1
4714,22,2
4715,53,4
4716,54,3
4717,54,0
4718,23,2
4719,24,2
4720,50,2
4721,21,1
4722,52,3
4723,23,0
4724,21,3
4725,52,0
4726,51,4
4727,54,2
4728,51,1
4729,23,3
4730,51,2
4731,24,3
4732,21,2
4733,52,0
4734,54,0
4735,53,3
4736,25,1
4737,24,3
4738,21,0
4739,51,1
4740,20,2
4741,50,2
4742,21,3
4743,24,1
4744,21,2
4745,52,4
4746,53,0
4747,51,3
4748,22,0
4749,21,0
4750,21,2
4751,51,4
4752,22,1
4753,24,3
4754,23,3
4755,51,1
4756,53,0
4757,24,1
4758,50,4
4759,24,2
4760,25,2
4761,53,4
4762,23,1
4763,22,1
4764,51,1
4765,24,3
4766,22,1
4767,22,3
4768,52,0
4769,20,1
4770,24,2
4771,53,4
4772,25,2
4773,50,0
4774,23,1
4775,22,2
4776,50,0
4777,52,2
4778,51,0
4779,53,1
4780,21,3
4781,50,1
4782,20,4
4783,21,3
4784,24,3
4785,55,2
4786,55,2
4787,20,2
4788,53,0
4789,21,3
4790,54,1
4791,24,2
4792,20,3
4793,24,2
4794,25,3
4795,53,4
4796,55,2
4797,20,3
4798,52,0
4799,51,0
4800,23,2
4801,53,2
4802,52,0
4803,52,4
4804,51,3
4805,51,2
4806,51,0
4807,25,2
4808,50,0
4809,25,1
4810,51,2
4811,24,1
4812,21,2
4813,55,1
4814,55,0
4815,24,3
4816,51,0
4817,23,3
4818,52,2
4819,24,2
4820,23,3
4821,51,4
4822,24,2
4823,24,3
4824,23,4
4825,25,3
4826,50,4
4827,52,0
4828,51,0
4829,20,3
4830,21,1
4831,23,4
4832,51,0
4833,50,0
4834,51,4
4835,21,2
4836,51,1
4837,55,0
4838,25,2
4839,51,0
4840,54,4
4841,52,1
4842,54,1
4843,54,4
4844,54,0
4845,20,3
4846,52,0
4847,52,0
4848,51,0
4849,54,0
4850,54,0
4851,22,1
4852,20,2
4853,21,2
4854,23,2
4855,54,4
4856,22,2
4857,21,2
4858,51,2
4859,21,2
4860,54,0
4861,51,4
4862,22,1
4863,25,1
4864,51,2
4865,24,2
4866,21,1
4867,21,2
4868,53,4
4869,52,4
4870,55,1
4871,25,1
4872,22,4
4873,21,3
4874,50,1
4875,25,3
4876,52,3
4877,54,3
4878,55,1
4879,55,2
4880,22,2
4881,51,1
4882,51,0
4883,52,0
4884,54,4
4885,24,2
4886,23,1
4887,20,1
4888,22,1
4889,23,2
4890,24,3
4891,23,3
4892,24,3
4893,22,0
4894,21,1
4895,24,3
4896,54,1
4897,50,4
4898,21,3
4899,51,0
4900,21,2
4901,52,4
4902,54,3
4903,53,3
4904,20,2
4905,22,1
4906,51,4
4907,53,4
4908,24,2
4909,24,3
4910,51,2
4911,51,2
4912,51,0
4913,53,4
4914,24,4
4915,51,0
4916,50,4
4917,51,0
4918,54,1
4919,53,0
4920,55,2
4921,51,0
4922,20,2
4923,53,2
4924,22,3
4925,24,2
4926,23,2
4927,23,2
4928,24,1
4929,23,1
4930,51,1
4931,51,1
4932,24,1
4933,23,3
4934,22,2
4935,54,4
4936,55,4
4937,52,0
4938,51,4
4939,52,1
4940,53,0
4941,22,2
4942,53,4
4943,21,3
4944,54,3
4945,53,4
4946,24,1
4947,51,2
4948,23,3
4949,52,1
4950,24,1
4951,55,4
4952,20,3
4953,24,3
4954,24,3
4955,52,0
4956,23,2
4957,52,4
4958,52,0
4959,51,0
4960,52,1
4961,55,0
4962,24,2
4963,54,4
4964,24,2
4965,53,3
4966,22,1
4967,52,0
4968,22,3
4969,23,1
4970,52,2
4971,25,2
4972,51,1
4973,53,0
4974,20,1
4975,54,0
4976,53,1
4977,52,4
4978,55,2
4979,20,1
4980,22,1
4981,52,0
4982,54,1
4983,22,3
4984,55,0
4985,21,3
4986,52,1
4987,52,4
4988,24,3
4989,53,2
4990,24,1
4991,52,4
4992,52,1
4993,20,1
4994,24,3
4995,22,2
4996,54,1
4997,54,4
4998,24,0
4999,22,1
5000,51,4
5001,53,4
5002,23,2
5003,20,2
5004,51,2
5005,23,2
5006,51,0
5007,25,3
5008,53,0
5009,54,0
5010,22,3
5011,54,2
5012,54,1
5013,53,4
5014,20,2
5015,24,3
5016,51,2
5017,25,0
5018,54,0
5019,52,3
5020,22,2
5021,54,4
5022,54,3
5023,52,0
5024,50,0
5025,22,1
5026,54,1
5027,52,0
5028,54,3
5029,25,2
5030,22,1
5031,52,0
5032,52,0
5033,52,4
5034,22,3
5035,53,4
5036,52,0
5037,21,2
5038,23,1
5039,51,1
5040,50,4
5041,54,2
5042,52,4
5043,20,3
5044,20,1
5045,54,2
5046,21,4
5047,53,1
5048,22,2
5049,51,4
5050,53,0
5051,22,1
5052,21,2
5053,24,0
5054,52,4
5055,53,0
5056,20,0
5057,22,4
5058,51,3
5059,22,4
5060,51,0
5061,50,0
5062,55,0
5063,20,2
5064,24,1
5065,51,0
5066,24,3
5067,24,4
5068,54,3
5069,52,1
5070,22,2
5071,51,0
5072,22,2
5073,52,4
5074,23,3
5075,54,0
5076,21,1
5077,51,4
5078,54,4
5079,21,3
5080,52,4
5081,22,3
5082,23,1
5083,51,0
5084,25,2
5085,55,4
5086,25,2
5087,53,1
5088,20,1
5089,23,4
5090,51,1
5091,24,3
5092,53,1
5093,23,2
5094,53,0
5095,50,0
5096,53,0
5097,23,1
5098,55,0
5099,51,3
5100,51,4
5101,52,1
5102,53,4
5103,23,2
5104,53,1
5105,20,1
5106,51,4
5107,55,0
5108,24,3
5109,51,3
5110,20,3
5111,54,2
5112,24,3
5113,24,1
5114,55,4
5115,24,3
5116,51,0
5117,25,2
5118,21,1
5119,50,1
5120,23,1
5121,52,0
5122,55,0
5123,23,3
5124,51,1
5125,53,4
5126,22,1
5127,51,4
5128,21,1
5129,21,0
5130,50,0
5131,51,0
5132,51,0
5133,52,2
5134,53,0
5135,23,2
5136,23,3
5137,52,4
5138,52,0
5139,22,1
5140,55,4
5141,23,2
5142,54,4
5143,20,1
5144,22,3
5145,24,1
5146,52,0
5147,55,0
5148,21,3
5149,22,1
5150,52,0
5151,51,3
5152,23,0
5153,22,2
5154,20,3
5155,24,3
5156,54,2
5157,51,2
5158,20,3
5159,23,1
5160,24,2
5161,52,0
5162,25,2
5163,20,3
5164,22,2
5165,51,2
5166,23,3
5167,21,1
5168,25,3
5169,52,0
5170,23,0
5171,21,0
5172,54,0
5173,52,0
5174,50,4
5175,54,1
5176,54,4
5177,20,4
5178,53,4
5179,53,2
5180,22,3
5181,22,1
5182,52,3
5183,25,3
5184,21,3
5185,24,3
5186,25,2
5187,23,3
5188,23,3
5189,54,3
5190,52,4
5191,21,1
5192,53,2
5193,21,3
5194,24,2
5195,24,3
5196,20,3
5197,24,2
5198,24,2
5199,23,4
5200,53,3
5201,53,4
5202,20,2
5203,53,4
5204,53,4
5205,22,2
5206,22,2
5207,22,2
5208,21,1
5209,24,2
5210,25,2
5211,50,2
5212,50,0
5213,23,3
5214,53,1
5215,51,1
5216,53,1
5217,24,2
5218,51,0
5219,20,1
5220,50,1
5221,20,1
5222,51,1
5223,24,2
5224,25,2
5225,55,0
5226,20,2
5227,22,1
5228,22,3
5229,54,4
5230,24,4
5231,55,0
5232,23,1
5233,24,1
5234,54,4
5235,22,4
5236,23,3
5237,23,3
5238,25,0
5239,51,1
5240,52,0
5241,54,0
5242,54,1
5243,53,1
5244,53,2
5245,22,1
5246,52,3
5247,54,1
5248,20,2
5249,25,1
5250,54,2
5251,24,2
5252,55,4
5253,20,1
5254,23,3
5255,22,3
5256,21,2
5257,51,1
5258,22,2
5259,22,2
5260,51,1
5261,22,2
5262,51,0
5263,21,4
5264,23,1
5265,22,1
5266,55,2
5267,22,3
5268,21,1
5269,53,0
5270,23,2
5271,50,4
5272,25,0
5273,20,4
5274,22,4
5275,24,4
5276,22,2
5277,23,3
5278,54,4
5279,51,0
5280,23,1
5281,50,4
5282,55,4
5283,22,3
5284,54,2
5285,22,3
5286,54,0
5287,51,0
5288,22,3
5289,54,4
5290,53,0
5291,54,1
5292,51,2
5293,55,4
5294,20,2
5295,24,3
5296,22,2
5297,52,0
5298,54,4
5299,55,3
5300,53,3
5301,22,2
5302,24,1
5303,23,0
5304,52,0
5305,54,1
5306,20,2
5307,52,4
5308,22,2
5309,52,0
5310,21,1
5311,51,0
5312,24,3
5313,23,1
5314,53,0
5315,23,2
5316,51,0
5317,55,4
5318,53,3
5319,23,2
5320,55,1
5321,24,2
5322,22,1
5323,21,0
5324,52,3
5325,53,4
5326,52,0
5327,25,1
5328,50,0
5329,20,1
5330,54,0
5331,23,0
5332,52,0
5333,22,4
5334,22,2
5335,23,3
5336,52,1
5337,55,0
5338,54,1
5339,52,0
5340,53,4
5341,54,4
5342,50,2
5343,54,2
5344,52,0
5345,53,0
5346,54,4
5347,22,0
5348,52,0
5349,24,2
5350,20,1
5351,51,3
5352,54,4
5353,53,2
5354,21,2
5355,52,1
5356,22,3
5357,20,2
5358,24,0
5359,50,3
5360,23,4
5361,22,3
5362,55,0
5363,22,4
5364,54,0
5365,23,2
5366,20,2
5367,25,1
5368,21,3
5369,54,4
5370,24,2
5371,20,2
5372,20,2
5373,20,2
5374,51,0
5375,20,3
5376,21,2
5377,24,3
5378,22,3
5379,21,2
5380,25,1
5381,22,0
5382,24,2
5383,52,2
5384,22,3
5385,53,0
5386,50,2
5387,54,1
5388,54,0
5389,54,1
5390,23,4
5391,50,4
5392,51,3
5393,52,4
5394,21,1
5395,21,1
5396,51,0
5397,50,0
5398,24,2
5399,22,1
5400,54,1
5401,52,0
5402,23,2
5403,23,3
5404,20,2
5405,50,4
5406,55,1
5407,53,1
5408,50,1
5409,52,1
5410,54,2
5411,23,3
5412,23,4
5413,52,3
5414,23,1
5415,54,4
5416,53,4
5417,52,4
5418,25,1
5419,24,3
5420,25,4
5421,23,2
5422,24,2
5423,21,3
5424,50,0
5425,53,4
5426,54,4
5427,51,4
5428,54,4
5429,24,2
5430,54,4
5431,23,1
5432,23,3
5433,23,0
5434,23,0
5435,54,0
5436,24,1
5437,51,1
5438,24,2
5439,52,1
5440,24,2
5441,25,3
5442,22,2
5443,55,0
5444,22,1
5445,22,1
5446,20,1
5447,54,0
5448,23,2
5449,20,2
5450,53,0
5451,50,0
5452,23,2
5453,24,2
5454,54,3
5455,23,4
5456,54,1
5457,53,1
5458,51,0
5459,21,2
5460,20,2
5461,23,3
5462,24,3
5463,52,0
5464,55,1
5465,54,4
5466,50,0
5467,22,3
5468,51,3
5469,55,1
5470,20,2
5471,51,1
5472,21,2
5473,53,0
5474,22,3
5475,54,0
5476,21,2
5477,25,2
5478,52,0
5479,54,0
5480,52,3
5481,52,4
5482,51,1
5483,22,1
5484,51,3
5485,22,2
5486,20,3
5487,51,0
5488,53,1
5489,21,1
5490,20,2
5491,23,4
5492,25,2
5493,50,0
5494,52,0
5495,22,2
5496,22,2
5497,20,3
5498,20,3
5499,53,2
5500,54,3
5501,53,1
5502,51,4
5503,50,2
5504,24,2
5505,24,1
5506,23,1
5507,54,1
5508,21,0
5509,25,2
5510,50,1
5511,53,4
5512,55,0
5513,21,3
5514,23,1
5515,21,0
5516,25,4
5517,54,0
5518,54,1
5519,20,1
5520,22,0
5521,51,0
5522,21,3
5523,54,1
5524,52,4
5525,21,3
5526,22,3
5527,54,4
5528,53,0
5529,50,1
5530,21,2
5531,51,2
5532,53,0
5533,53,1
5534,22,4
5535,53,0
5536,55,4
5537,54,0
5538,52,0
5539,50,1
5540,24,2
5541,51,0
5542,24,2
5543,23,2
5544,52,1
5545,50,3
5546,20,3
5547,51,0
5548,54,2
5549,21,1
5550,51,4
5551,21,2
5552,50,2
5553,53,1
5554,54,0
5555,52,3
5556,55,3
5557,51,1
5558,23,1
5559,23,0
5560,51,2
5561,51,4
5562,50,1
5563,24,2
5564,54,1
5565,51,4
5566,50,0
5567,22,1
5568,23,2
5569,22,1
5570,51,0
5571,50,0
5572,54,0
5573,50,0
5574,51,0
5575,52,0
5576,54,0
5577,20,2
5578,24,1
5579,51,2
5580,23,2
5581,51,4
5582,54,2
5583,53,0
5584,23,2
5585,25,3
5586,52,1
5587,51,3
5588,24,3
5589,22,3
5590,21,2
5591,24,1
5592,24,4
5593,50,0
5594,25,1
5595,50,2
5596,24,3
5597,54,4
5598,53,3
5599,51,1
5600,24,2
5601,21,1
5602,51,1
5603,23,2
5604,54,0
5605,53,4
5606,25,4
5607,55,2
5608,51,1
5609,24,2
5610,53,4
5611,53,4
5612,53,3
5613,21,2
5614,24,2
5615,52,0
5616,52,1
5617,24,3
5618,25,2
5619,22,3
5620,20,1
5621,23,3
5622,55,0
5623,54,0
5624,52,0
5625,20,1
5626,24,3
5627,23,2
5628,55,0
5629,53,3
5630,20,2
5631,25,3
5632,52,0
5633,54,4
5634,20,3
5635,54,1
5636,52,0
5637,53,1
5638,53,2
5639,21,3
5640,52,4
5641,23,2
5642,52,1
5643,52,0
5644,21,1
5645,22,2
5646,51,3
5647,54,2
5648,22,2
5649,24,2
5650,21,0
5651,52,0
5652,54,0
5653,51,4
5654,21,2
5655,53,1
5656,52,2
5657,22,2
5658,52,4
5659,24,3
5660,24,0
5661,24,1
5662,53,3
5663,52,3
5664,22,1
5665,21,1
5666,23,4
5667,24,2
5668,22,2
5669,23,3
5670,24,2
5671,24,3
5672,54,0
5673,52,0
5674,20,2
5675,23,2
5676,50,3
5677,50,2
5678,54,2
5679,24,2
5680,23,2
5681,21,2
5682,25,1
5683,52,4
5684,20,4
5685,54,2
5686,55,0
5687,23,2
5688,54,3
5689,54,2
5690,22,1
5691,55,0
5692,52,0
5693,22,1
5694,50,4
5695,52,1
5696,52,1
5697,50,0
5698,23,2
5699,52,4
5700,51,4
5701,21,1
5702,50,3
5703,22,0
5704,23,2
5705,54,2
5706,53,4
5707,23,1
5708,22,1
5709,22,1
5710,54,0
5711,25,1
5712,21,3
5713,54,1
5714,53,0
5715,22,1
5716,54,1
5717,52,0
5718,25,2
5719,22,2
5720,50,1
5721,24,1
5722,20,4
5723,21,3
5724,53,4
5725,21,2
5726,24,2
5727,22,1
5728,55,3
5729,23,2
5730,51,4
5731,23,3
5732,53,0
5733,24,4
5734,20,3
5735,24,2
5736,21,2
5737,52,1
5738,25,1
5739,53,0
5740,21,2
5741,53,1
5742,54,1
5743,24,3
5744,20,2
5745,23,4
5746,23,2
5747,52,4
5748,21,2
5749,23,1
5750,23,3
5751,24,2
5752,52,0
5753,53,4
5754,50,1
5755,53,0
5756,52,0
5757,25,1
5758,51,3
5759,51,1
5760,54,2
5761,54,1
5762,21,1
5763,25,2
5764,24,1
5765,23,2
5766,52,1
5767,25,2
5768,50,0
5769,25,2
5770,52,0
5771,55,4
5772,52,0
5773,22,0
5774,23,3
5775,52,1
5776,50,4
5777,23,2
5778,24,4
5779,52,1
5780,25,1
5781,21,1
5782,24,3
5783,53,2
5784,51,3
5785,53,1
5786,22,1
5787,21,2
5788,21,3
5789,20,0
5790,54,0
5791,50,4
5792,51,4
5793,21,2
5794,24,3
5795,21,3
5796,25,3
5797,54,4
5798,52,1
5799,22,1
5800,21,2
5801,52,1
5802,54,3
5803,24,3
5804,51,0
5805,51,3
5806,22,4
5807,53,0
5808,23,2
5809,23,1
5810,55,1
5811,51,4
5812,54,0
5813,55,0
5814,53,1
5815,24,1
5816,51,3
5817,52,2
5818,20,4
5819,21,1
5820,22,2
5821,52,0
5822,52,2
5823,21,3
5824,23,3
5825,50,0
5826,54,2
5827,50,0
5828,50,4
5829,23,1
5830,21,2
5831,21,0
5832,24,0
5833,24,2
5834,55,4
5835,21,2
5836,21,2
5837,51,2
5838,52,4
5839,54,4
5840,52,4
5841,23,1
5842,53,4
5843,23,3
5844,53,0
5845,21,3
5846,54,4
5847,20,3
5848,24,1
5849,23,1
5850,53,0
5851,23,1
5852,23,1
5853,51,4
5854,25,3
5855,22,4
5856,21,1
5857,55,4
5858,54,4
5859,22,0
5860,25,4
5861,22,2
5862,51,0
5863,54,4
5864,54,1
5865,54,4
5866,22,2
5867,53,1
5868,50,0
5869,25,2
5870,53,1
5871,22,2
5872,20,2
5873,53,2
5874,51,1
5875,53,0
5876,25,1
5877,52,4
5878,50,0
5879,21,3
5880,54,1
5881,25,2
5882,21,4
5883,22,2
5884,51,4
5885,52,1
5886,24,1
5887,52,3
5888,24,3
5889,51,2
5890,23,2
5891,24,2
5892,22,1
5893,22,3
5894,52,0
5895,51,0
5896,53,3
5897,52,1
5898,22,2
5899,53,4
5900,53,4
5901,53,1
5902,53,1
5903,23,4
5904,21,2
5905,22,1
5906,24,4
5907,20,3
5908,22,2
5909,54,1
5910,24,2
5911,24,3
5912,22,2
5913,52,1
5914,53,3
5915,23,2
5916,55,2
5917,21,3
5918,23,2
5919,24,3
5920,24,3
5921,52,0
5922,21,2
5923,55,2
5924,22,4
5925,53,2
5926,51,3
5927,51,0
5928,51,3
5929,20,3
5930,24,3
5931,23,3
5932,23,1
5933,20,1
5934,23,4
5935,54,3
5936,53,3
5937,24,3
5938,21,3
5939,50,0
5940,21,1
5941,52,0
5942,21,3
5943,52,0
5944,24,1
5945,55,3
5946,54,1
5947,24,1
5948,21,3
5949,21,2
5950,24,0
5951,21,1
5952,54,3
5953,52,4
5954,53,1
5955,53,2
5956,24,0
5957,21,1
5958,21,1
5959,20,2
5960,54,2
5961,22,1
5962,24,0
5963,52,1
5964,24,2
5965,51,0
5966,50,0
5967,50,1
5968,50,2
5969,24,3
5970,20,0
5971,50,0
5972,25,3
5973,54,3
5974,53,0
5975,54,0
5976,22,3
5977,23,2
5978,25,1
5979,22,3
5980,22,1
5981,20,4
5982,24,4
5983,54,2
5984,21,1
5985,54,1
5986,24,4
5987,55,0
5988,23,1
5989,52,2
5990,21,3
5991,55,0
5992,23,2
5993,50,3
5994,23,2
5995,53,4
5996,21,1
5997,52,4
5998,24,3
5999,53,0
6000,51,0
6001,22,1
6002,55,4
6003,25,2
6004,24,4
6005,20,4
6006,22,0
6007,21,2
6008,54,3
6009,53,0
6010,53,4
6011,24,3
6012,52,1
6013,23,3
6014,54,4
6015,54,4
6016,54,2
6017,24,1
6018,22,3
6019,25,4
6020,23,1
6021,50,1
6022,20,3
6023,54,4
6024,21,4
6025,53,0
6026,21,0
6027,53,4
6028,53,1
6029,53,0
6030,21,2
6031,54,1
6032,23,2
6033,20,2
6034,23,4
6035,52,1
6036,22,2
6037,21,1
6038,25,2
6039,22,0
6040,54,1
6041,20,1
6042,24,2
6043,22,3
6044,52,1
6045,55,0
6046,22,2
6047,23,2
6048,24,2
6049,20,1
6050,50,2
6051,51,4
6052,21,2
6053,22,2
6054,23,3
6055,50,4
6056,51,0
6057,22,3
6058,53,1
6059,24,2
6060,53,3
6061,24,2
6062,24,2
6063,24,2
6064,22,1
6065,21,1
6066,20,2
6067,53,3
6068,24,3
6069,53,1
6070,25,3
6071,50,2
6072,55,0
6073,51,0
6074,52,2
6075,54,3
6076,55,0
6077,53,0
6078,25,0
6079,54,0
6080,25,1
6081,50,0
6082,21,2
6083,23,1
6084,23,1
6085,20,1
6086,51,1
6087,24,1
6088,22,3
6089,23,2
6090,22,2
6091,54,4
6092,54,1
6093,22,2
6094,25,1
6095,23,1
6096,52,3
6097,51,1
6098,21,3
6099,22,2
6100,51,2
6101,55,4
6102,51,4
6103,22,2
6104,51,0
6105,22,2
6106,53,3
6107,22,2
6108,23,3
6109,22,1
6110,52,0
6111,54,0
6112,51,0
6113,52,0
6114,24,3
6115,53,2
6116,20,2
6117,50,0
6118,22,4
6119,23,2
6120,22,2
6121,24,1
6122,52,4
6123,22,1
6124,54,4
6125,51,1
6126,22,0
6127,55,3
6128,53,3
6129,25,3
6130,55,0
6131,23,1
6132,24,2
6133,25,3
6134,52,1
6135,24,1
6136,24,2
6137,23,3
6138,54,0
6139,24,3
6140,24,3
6141,22,1
6142,22,2
6143,23,0
6144,21,2
6145,51,0
6146,52,0
6147,23,2
6148,55,2
6149,53,4
6150,22,2
6151,55,0
6152,53,0
6153,51,4
6154,24,2
6155,55,4
6156,50,1
6157,24,2
6158,23,3
6159,51,4
6160,23,0
6161,51,1
6162,25,2
6163,24,2
6164,53,0
6165,23,1
6166,23,4
6167,24,0
6168,21,3
6169,22,1
6170,24,3
6171,22,1
6172,51,4
6173,55,0
6174,21,0
6175,53,3
6176,21,2
6177,23,2
6178,24,1
6179,24,3
6180,24,3
6181,21,1
6182,54,4
6183,21,1
6184,50,2
6185,21,2
6186,50,4
6187,53,2
6188,53,4
6189,22,1
6190,23,3
6191,25,2
6192,51,4
6193,24,1
6194,23,2
6195,24,3
6196,24,2
6197,21,1
6198,23,1
6199,52,4
6200,23,2
6201,51,0
6202,52,1
6203,55,4
6204,23,3
6205,24,2
6206,23,4
6207,51,2
6208,54,0
6209,23,2
6210,53,2
6211,24,2
6212,51,2
6213,23,4
6214,53,1
6215,24,1
6216,23,1
6217,20,2
6218,51,1
6219,53,0
6220,53,1
6221,54,4
6222,22,1
6223,51,1
6224,52,1
6225,51,0
6226,22,0
6227,24,3
6228,21,1
6229,52,1
6230,51,0
6231,22,2
6232,53,0
6233,55,1
6234,51,3
6235,54,1
6236,21,1
6237,52,1
6238,22,4
6239,53,0
6240,24,4
6241,22,2
6242,53,2
6243,52,1
6244,22,3
6245,54,2
6246,52,4
6247,24,2
6248,21,2
6249,21,2
6250,24,1
6251,24,1
6252,22,1
6253,54,4
6254,21,2
6255,53,1
6256,20,2
6257,55,3
6258,52,4
6259,51,0
6260,22,1
6261,53,1
6262,25,3
6263,22,3
6264,20,3
6265,24,2
6266,53,2
6267,54,1
6268,23,1
6269,25,0
6270,22,2
6271,22,2
6272,52,2
6273,21,4
6274,23,2
6275,21,1
6276,51,1
6277,23,1
6278,54,0
6279,52,4
6280,54,1
6281,22,1
6282,51,1
6283,55,3
6284,22,4
6285,23,1
6286,52,1
6287,21,2
6288,24,1
6289,25,1
6290,55,4
6291,50,0
6292,53,0
6293,25,3
6294,20,2
6295,24,2
6296,51,1
6297,21,4
6298,53,1
6299,24,3
6300,23,3
6301,20,2
6302,24,2
6303,52,4
6304,24,2
6305,22,1
6306,51,2
6307,25,1
6308,52,4
6309,21,0
6310,54,1
6311,52,4
6312,24,1
6313,25,0
6314,25,2
6315,24,3
6316,54,0
6317,23,2
6318,50,4
6319,22,2
6320,50,3
6321,50,1
6322,55,0
6323,24,1
6324,21,1
6325,24,1
6326,24,1
6327,51,0
6328,50,2
6329,23,1
6330,23,3
6331,21,1
6332,23,1
6333,23,2
6334,25,4
6335,53,4
6336,55,0
6337,20,2
6338,54,1
6339,21,4
6340,24,2
6341,21,2
6342,22,2
6343,23,2
6344,52,2
6345,25,2
6346,21,2
6347,53,2
6348,24,4
6349,52,4
6350,51,0
6351,23,3
6352,50,3
6353,20,3
6354,22,2
6355,20,2
6356,21,2
6357,24,3
6358,54,1
6359,54,1
6360,54,1
6361,23,2
6362,50,0
6363,23,1
6364,53,4
6365,24,1
6366,55,0
6367,22,4
6368,55,0
6369,51,4
6370,25,4
6371,22,2
6372,22,4
6373,53,3
6374,53,3
6375,21,3
6376,24,1
6377,23,4
6378,51,1
6379,20,0
6380,23,2
6381,21,3
6382,53,0
6383,22,1
6384,52,1
6385,21,1
6386,51,0
6387,20,2
6388,54,0
6389,52,2
6390,22,1
6391,51,3
6392,21,2
6393,23,1
6394,21,4
6395,22,2
6396,53,4
6397,20,0
6398,52,0
6399,24,1
6400,53,3
6401,25,1
6402,20,3
6403,22,2
6404,54,0
6405,53,1
6406,55,3
6407,51,0
6408,22,1
6409,22,2
6410,54,1
6411,51,1
6412,24,1
6413,55,2
6414,51,4
6415,54,0
6416,23,2
6417,53,2
6418,53,1
6419,21,1
6420,53,1
6421,53,2
6422,20,2
6423,24,2
6424,51,1
6425,51,1
6426,23,3
6427,20,4
6428,24,2
6429,53,3
6430,21,1
6431,23,0
6432,52,4
6433,54,1
6434,22,1
6435,52,0
6436,51,1
6437,24,1
6438,25,1
6439,53,4
6440,55,0
6441,51,0
6442,23,2
6443,54,4
6444,20,2
6445,21,2
6446,50,2
6447,52,1
6448,51,1
6449,51,3
6450,51,2
6451,54,0
6452,21,2
6453,55,0
6454,55,4
6455,21,1
6456,50,3
6457,51,0
6458,25,2
6459,22,2
6460,54,1
6461,53,1
6462,23,1
6463,52,0
6464,54,1
6465,51,0
6466,54,0
6467,55,4
6468,24,4
6469,20,2
6470,24,2
6471,52,0
6472,22,2
6473,22,3
6474,54,3
6475,24,0
6476,21,2
6477,21,3
6478,50,0
6479,52,1
6480,22,2
6481,22,3
6482,53,2
6483,24,0
6484,54,0
6485,25,3
6486,51,0
6487,24,2
6488,54,0
6489,54,3
6490,22,3
6491,51,0
6492,23,3
6493,24,0
6494,53,2
6495,53,4
6496,53,3
6497,21,2
6498,23,3
6499,52,1
6500,51,2
6501,53,2
6502,50,4
6503,22,1
6504,23,1
6505,22,0
6506,55,1
6507,52,1
6508,21,3
6509,53,1
6510,21,2
6511,24,3
6512,23,3
6513,51,1
6514,22,1
6515,53,2
6516,24,3
6517,54,0
6518,53,0
6519,51,1
6520,25,2
6521,51,4
6522,55,1
6523,22,2
6524,53,1
6525,20,4
6526,51,2
6527,53,2
6528,55,0
6529,22,2
6530,55,4
6531,23,3
6532,51,1
6533,51,4
6534,24,3
6535,22,1
6536,55,0
6537,52,1
6538,53,1
6539,23,2
6540,25,0
6541,53,0
6542,25,3
6543,53,3
6544,22,1
6545,23,1
6546,24,1
6547,53,0
6548,20,2
6549,53,1
6550,54,1
6551,21,1
6552,24,3
6553,51,0
6554,52,2
6555,23,0
6556,21,3
6557,24,3
6558,50,0
6559,55,0
6560,22,3
6561,22,2
6562,24,0
6563,23,2
6564,24,3
6565,51,0
6566,22,2
6567,22,2
6568,51,0
6569,21,1
6570,25,3
6571,52,1
6572,53,0
6573,21,2
6574,53,0
6575,24,2
6576,50,0
6577,51,1
6578,51,2
6579,52,0
6580,22,0
6581,51,2
6582,51,0
6583,50,0
6584,24,3
6585,22,4
6586,22,2
6587,23,2
6588,51,0
6589,23,1
6590,52,0
6591,53,2
6592,51,4
6593,55,0
6594,24,2
6595,21,2
6596,52,4
6597,23,2
6598,22,3
6599,52,0
6600,51,1
6601,51,1
6602,52,0
6603,52,4
6604,21,3
6605,24,1
6606,22,2
6607,20,2
6608,20,3
6609,21,3
6610,22,1
6611,52,2
6612,52,4
6613,21,3
6614,54,3
6615,21,2
6616,53,0
6617,51,1
6618,21,0
6619,52,4
6620,24,1
6621,53,4
6622,25,3
6623,54,3
6624,53,4
6625,23,0
6626,21,3
6627,22,1
6628,22,1
6629,25,2
6630,21,2
6631,51,0
6632,22,1
6633,20,1
6634,51,4
6635,52,1
6636,51,2
6637,22,1
6638,51,0
6639,51,3
6640,51,2
6641,53,1
6642,20,2
6643,54,1
6644,21,1
6645,25,2
6646,25,3
6647,23,1
6648,24,3
6649,54,2
6650,25,3
6651,24,2
6652,52,0
6653,52,2
6654,53,0
6655,55,0
6656,21,2
6657,51,4
6658,23,1
6659,20,3
6660,21,1
6661,20,3
6662,24,2
6663,23,3
6664,54,0
6665,23,3
6666,21,2
6667,24,3
6668,51,0
6669,53,2
6670,50,0
6671,22,4
6672,21,3
6673,22,1
6674,54,1
6675,50,4
6676,53,0
6677,52,0
6678,53,1
6679,22,1
6680,53,1
6681,21,1
6682,24,2
6683,21,1
6684,53,4
6685,52,1
6686,23,4
6687,53,3
6688,50,1
6689,52,1
6690,51,1
6691,21,2
6692,22,1
6693,22,2
6694,53,4
6695,55,4
6696,54,0
6697,22,1
6698,21,1
6699,54,2
6700,54,0
6701,55,1
6702,53,2
6703,20,2
6704,25,0
6705,23,1
6706,54,2
6707,25,0
6708,24,1
6709,21,1
6710,20,1
6711,55,3
6712,23,4
6713,52,0
6714,52,0
6715,53,1
6716,51,0
6717,50,0
6718,53,3
6719,54,0
6720,23,3
6721,54,3
6722,24,1
6723,24,3
6724,21,1
6725,21,2
6726,24,1
6727,22,4
6728,54,1
6729,51,3
6730,51,3
6731,21,2
6732,24,1
6733,54,0
6734,24,4
6735,54,2
6736,51,1
6737,23,2
6738,52,1
6739,52,0
6740,23,1
6741,50,3
6742,22,2
6743,50,1
6744,54,4
6745,52,0
6746,22,0
6747,22,2
6748,51,0
6749,53,4
6750,22,2
6751,52,0
6752,25,4
6753,21,1
6754,52,0
6755,53,2
6756,20,2
6757,50,4
6758,52,4
6759,21,2
6760,23,3
6761,22,1
6762,21,2
6763,55,1
6764,23,2
6765,25,1
6766,20,2
6767,54,4
6768,54,2
6769,21,3
6770,54,1
6771,24,1
6772,52,0
6773,55,3
6774,51,2
6775,22,2
6776,22,1
6777,21,2
6778,52,3
6779,23,1
6780,53,4
6781,23,2
6782,50,2
6783,50,4
6784,23,2
6785,54,0
6786,21,1
6787,54,3
6788,23,1
6789,22,2
6790,52,4
6791,53,4
6792,51,1
6793,54,2
6794,20,1
6795,23,3
6796,51,0
6797,53,3
6798,22,0
6799,22,2
6800,21,2
6801,25,0
6802,23,2
6803,54,0
6804,24,2
6805,24,3
6806,53,0
6807,23,3
6808,20,1
6809,53,1
6810,51,0
6811,23,3
6812,21,3
6813,25,2
6814,51,4
6815,22,2
6816,52,2
6817,22,1
6818,51,4
6819,53,0
6820,24,2
6821,55,2
6822,52,0
6823,54,1
6824,51,4
6825,25,2
6826,23,2
6827,52,1
6828,21,2
6829,21,1
6830,51,4
6831,55,0
6832,24,1
6833,53,2
6834,22,2
6835,52,0
6836,21,3
6837,53,0
6838,52,3
6839,52,0
6840,53,1
6841,20,3
6842,54,4
6843,22,0
6844,22,2
6845,20,2
6846,23,4
6847,22,3
6848,20,4
6849,51,1
6850,51,3
6851,22,2
6852,51,2
6853,51,1
6854,21,0
6855,22,4
6856,55,4
6857,55,3
6858,54,0
6859,54,1
6860,50,4
6861,22,1
6862,53,3
6863,52,3
6864,21,1
6865,22,1
6866,53,0
6867,52,4
6868,22,3
6869,20,1
6870,22,3
6871,52,1
6872,53,2
6873,24,3
6874,54,4
6875,55,2
6876,50,2
6877,54,0
6878,21,1
6879,23,0
6880,22,0
6881,51,3
6882,52,2
6883,21,3
6884,53,4
6885,53,1
6886,54,1
6887,23,2
6888,54,0
6889,25,3
6890,20,2
6891,22,2
6892,54,0
6893,21,3
6894,23,1
6895,53,4
6896,53,1
6897,51,1
6898,22,2
6899,51,1
6900,55,0
6901,21,2
6902,51,1
6903,54,0
6904,52,0
6905,25,2
6906,23,2
6907,21,3
6908,20,2
6909,50,0
6910,54,4
6911,50,2
6912,22,2
6913,54,1
6914,22,2
6915,20,1
6916,21,1
6917,24,1
6918,55,2
6919,22,3
6920,22,1
6921,21,2
6922,52,4
6923,24,2
6924,23,3
6925,22,1
6926,51,1
6927,25,3
6928,51,0
6929,53,0
6930,51,3
6931,53,3
6932,23,2
6933,24,2
6934,21,3
6935,22,2
6936,22,2
6937,51,1
6938,21,1
6939,22,2
6940,54,4
6941,24,3
6942,23,2
6943,50,2
6944,53,3
6945,51,4
6946,52,1
6947,21,2
6948,50,0
6949,22,3
6950,52,3
6951,51,2
6952,50,0
6953,54,0
6954,22,2
6955,51,2
6956,53,1
6957,52,4
6958,54,1
6959,54,0
6960,20,2
6961,51,1
6962,52,0
6963,22,1
6964,53,1
6965,54,4
6966,21,1
6967,23,1
6968,21,1
6969,24,1
6970,22,2
6971,51,0
6972,53,4
6973,22,1
6974,20,3
6975,54,1
6976,25,1
6977,21,3
6978,53,0
6979,25,3
6980,24,1
6981,22,3
6982,22,2
6983,53,4
6984,54,4
6985,51,0
6986,22,2
6987,52,1
6988,50,0
6989,53,4
6990,23,1
6991,22,2
6992,21,4
6993,50,0
6994,55,1
6995,23,4
6996,22,4
6997,20,2
6998,53,4
6999,22,2
7000,23,3
7001,21,2
7002,52,0
7003,25,1
7004,23,1
7005,50,3
7006,22,0
7007,53,0
7008,51,0
7009,51,2
7010,21,3
7011,21,3
7012,52,4
7013,53,3
7014,20,2
7015,24,1
7016,24,1
7017,20,1
7018,23,1
7019,25,2
7020,54,4
7021,23,0
7022,53,1
7023,54,3
7024,55,2
7025,54,1
7026,55,1
7027,51,0
7028,52,0
7029,21,1
7030,53,0
7031,54,4
7032,51,0
7033,51,3
7034,51,0
7035,25,1
7036,24,3
7037,23,3
7038,20,1
7039,53,1
7040,21,1
7041,50,3
7042,52,1
7043,24,2
7044,24,1
7045,50,4
7046,22,3
7047,53,0
7048,51,3
7049,20,4
7050,21,4
7051,52,3
7052,24,3
7053,21,3
7054,53,4
7055,20,2
7056,53,0
7057,22,2
7058,55,4
7059,50,3
7060,24,4
7061,23,1
7062,20,0
7063,24,3
7064,51,0
7065,50,3
7066,21,2
7067,53,1
7068,20,1
7069,22,2
7070,24,3
7071,55,1
7072,54,0
7073,23,2
7074,54,2
7075,51,2
7076,21,1
7077,55,1
7078,25,3
7079,51,3
7080,21,3
7081,52,4
7082,23,3
7083,54,0
7084,51,0
7085,54,0
7086,51,0
7087,24,1
7088,52,3
7089,52,0
7090,22,3
7091,54,0
7092,24,2
7093,54,0
7094,24,1
7095,52,3
7096,51,1
7097,53,0
7098,23,3
7099,20,2
7100,24,2
7101,55,1
7102,24,0
7103,22,2
7104,51,1
7105,23,3
7106,22,4
7107,53,1
7108,23,2
7109,52,1
7110,55,4
7111,23,1
7112,55,4
7113,54,1
7114,54,1
7115,50,0
7116,23,1
7117,25,1
7118,24,2
7119,52,1
7120,52,0
7121,20,1
7122,52,3
7123,54,0
7124,24,2
7125,23,4
7126,24,2
7127,22,2
7128,51,1
7129,52,2
7130,50,1
7131,54,3
7132,21,3
7133,25,1
7134,54,4
7135,55,0
7136,21,1
7137,50,3
7138,54,1
7139,22,2
7140,54,0
7141,25,4
7142,52,0
7143,50,2
7144,23,2
7145,21,0
7146,21,4
7147,55,0
7148,22,4
7149,54,4
7150,53,3
7151,51,0
7152,24,0
7153,52,2
7154,54,0
7155,51,4
7156,51,2
7157,53,4
7158,24,2
7159,53,0
7160,55,0
7161,54,4
7162,25,3
7163,54,0
7164,55,4
7165,23,3
7166,51,0
7167,53,1
7168,55,1
7169,51,1
7170,24,3
7171,20,0
7172,54,1
7173,23,4
7174,22,2
7175,23,3
7176,52,3
7177,21,2
7178,51,1
7179,22,3
7180,52,1
7181,23,3
7182,22,4
7183,53,0
7184,52,1
7185,54,1
7186,52,3
7187,25,4
7188,53,0
7189,25,2
7190,53,4
7191,51,1
7192,52,1
7193,22,2
7194,51,1
7195,55,0
7196,53,1
7197,24,2
7198,53,2
7199,21,2
7200,23,0
7201,54,4
7202,52,2
7203,22,0
7204,24,3
7205,51,2
7206,54,0
7207,24,3
7208,54,4
7209,50,4
7210,55,1
7211,53,0
7212,20,0
7213,54,3
7214,23,1
7215,55,2
7216,22,1
7217,24,0
7218,21,3
7219,22,2
7220,54,4
7221,21,1
7222,53,4
7223,24,2
7224,51,0
7225,52,0
7226,52,0
7227,52,1
7228,25,2
7229,24,4
7230,20,3
7231,52,4
7232,54,4
7233,51,0
7234,22,1
7235,23,3
7236,23,4
7237,52,1
7238,21,0
7239,21,2
7240,54,1
7241,24,1
7242,50,0
7243,23,0
7244,52,4
7245,21,2
7246,25,3
7247,55,2
7248,20,3
7249,23,2
7250,51,1
7251,24,2
7252,20,2
7253,51,0
7254,20,2
7255,54,0
7256,25,1
7257,20,0
7258,22,2
7259,24,2
7260,23,2
7261,51,1
7262,53,1
7263,52,4
7264,55,0
7265,24,3
7266,51,1
7267,50,1
7268,20,0
7269,24,2
7270,53,1
7271,51,4
7272,25,1
7273,53,0
7274,23,2
7275,25,3
7276,24,2
7277,23,2
7278,53,2
7279,22,2
7280,52,4
7281,50,3
7282,25,1
7283,21,0
7284,25,0
7285,21,2
7286,25,3
7287,25,2
7288,50,4
7289,22,1
7290,53,0
7291,55,0
7292,25,3
7293,21,1
7294,24,3
7295,50,0
7296,22,3
7297,52,1
7298,22,3
7299,21,2
7300,50,1
7301,51,0
7302,51,3
7303,51,3
7304,21,2
7305,53,1
7306,22,1
7307,22,2
7308,20,2
7309,54,4
7310,53,1
7311,21,1
7312,20,3
7313,22,3
7314,23,1
7315,22,2
7316,23,1
7317,21,3
7318,50,1
7319,53,0
7320,21,1
7321,54,0
7322,24,2
7323,54,3
7324,24,3
7325,22,4
7326,22,1
7327,24,2
7328,53,0
7329,54,0
7330,52,2
7331,55,3
7332,25,2
7333,24,3
7334,55,1
7335,23,2
7336,21,3
7337,54,1
7338,54,3
7339,25,1
7340,50,2
7341,20,4
7342,23,1
7343,21,1
7344,25,1
7345,55,3
7346,55,2
7347,53,1
7348,53,3
7349,24,3
7350,20,2
7351,54,0
7352,55,1
7353,52,0
7354,24,2
7355,20,1
7356,52,1
7357,52,3
7358,51,0
7359,55,0
7360,22,2
7361,21,3
7362,55,2
7363,22,0
7364,23,4
7365,53,4
7366,55,4
7367,52,3
7368,52,1
7369,54,4
7370,24,1
7371,20,2
7372,51,0
7373,54,2
7374,52,0
7375,22,1
7376,52,3
7377,51,1
7378,53,2
7379,25,2
7380,53,1
7381,51,1
7382,53,0
7383,54,1
7384,23,2
7385,23,3
7386,22,3
7387,23,2
7388,55,4
7389,21,0
7390,50,2
7391,25,2
7392,22,1
7393,24,2
7394,51,0
7395,53,4
7396,55,1
7397,21,2
7398,55,0
7399,24,1
7400,52,2
7401,51,1
7402,52,2
7403,52,0
7404,22,3
7405,25,2
7406,54,3
7407,52,1
7408,53,1
7409,52,4
7410,54,3
7411,23,3
7412,52,3
7413,24,1
7414,20,3
7415,53,0
7416,50,4
7417,22,1
7418,54,1
7419,51,4
7420,23,1
7421,53,0
7422,24,2
7423,55,0
7424,23,2
7425,24,3
7426,21,1
7427,20,1
7428,22,3
7429,23,2
7430,54,4
7431,53,0
7432,24,2
7433,54,4
7434,23,0
7435,21,1
7436,51,0
7437,23,1
7438,24,3
7439,52,1
7440,24,2
7441,22,2
7442,20,1
7443,51,0
7444,51,1
7445,25,2
7446,25,1
7447,53,3
7448,25,3
7449,51,4
7450,55,0
7451,24,1
7452,23,3
7453,52,1
7454,23,3
7455,51,1
7456,53,0
7457,24,1
7458,21,3
7459,51,4
7460,53,0
7461,23,4
7462,52,3
7463,52,3
7464,24,3
7465,21,3
7466,54,3
7467,25,1
7468,21,2
7469,23,2
7470,25,1
7471,52,2
7472,54,4
7473,53,1
7474,24,3
7475,50,1
7476,21,2
7477,24,1
7478,22,1
7479,52,0
7480,24,1
7481,51,0
7482,55,0
7483,21,0
7484,53,0
7485,54,1
7486,52,0
7487,23,3
7488,50,0
7489,22,2
7490,21,2
7491,54,1
7492,53,4
7493,53,0
7494,20,1
7495,55,1
7496,53,0
7497,51,1
7498,52,0
7499,52,0
7500,22,2
7501,52,0
7502,24,2
7503,24,3
7504,24,4
7505,22,1
7506,22,1
7507,54,3
7508,24,3
7509,51,2
7510,22,2
7511,54,0
7512,21,2
7513,21,2
7514,54,0
7515,21,1
7516,50,2
7517,20,2
7518,23,1
7519,23,1
7520,23,3
7521,21,1
7522,55,4
7523,54,4
7524,54,0
7525,23,2
7526,20,2
7527,54,0
7528,50,1
7529,21,2
7530,55,4
7531,24,0
7532,23,3
7533,52,4
7534,22,3
7535,51,2
7536,53,3
7537,51,2
7538,21,3
7539,22,2
7540,23,1
7541,24,1
7542,52,2
7543,20,2
7544,55,0
7545,24,2
7546,53,0
7547,25,1
7548,21,2
7549,22,3
7550,53,0
7551,20,0
7552,51,1
7553,54,0
7554,50,3
7555,21,2
7556,53,0
7557,53,2
7558,52,4
7559,55,3
7560,21,2
7561,53,4
7562,52,2
7563,55,1
7564,23,3
7565,54,3
7566,54,0
7567,20,2
7568,24,3
7569,55,1
7570,51,4
7571,54,3
7572,51,4
7573,21,2
7574,24,2
7575,22,2
7576,55,1
7577,21,3
7578,22,2
7579,53,1
7580,21,1
7581,50,0
7582,51,1
7583,52,3
7584,53,0
7585,24,2
7586,22,4
7587,24,3
7588,51,4
7589,24,2
7590,22,3
7591,23,0
7592,23,2
7593,20,2
7594,54,3
7595,22,2
7596,23,3
7597,55,1
7598,53,1
7599,53,2
7600,54,1
7601,20,3
7602,54,0
7603,25,3
7604,22,3
7605,20,3
7606,22,2
7607,51,2
7608,53,0
7609,20,2
7610,54,4
7611,20,1
7612,52,0
7613,23,1
7614,23,2
7615,54,1
7616,55,0
7617,55,0
7618,23,3
7619,53,4
7620,22,2
7621,25,1
7622,21,2
7623,55,1
7624,55,4
7625,50,0
7626,54,0
7627,24,1
7628,23,3
7629,24,2
7630,53,4
7631,21,1
7632,53,2
7633,23,3
7634,54,3
7635,25,1
7636,24,4
7637,22,1
7638,51,0
7639,22,0
7640,54,1
7641,20,1
7642,23,3
7643,22,1
7644,23,3
7645,22,3
7646,25,2
7647,51,0
7648,25,2
7649,22,3
7650,50,4
7651,24,2
7652,55,3
7653,53,3
7654,51,0
7655,55,4
7656,51,1
7657,23,3
7658,53,1
7659,52,1
7660,53,0
7661,21,3
7662,54,4
7663,54,3
7664,50,1
7665,53,1
7666,52,2
7667,22,1
7668,24,3
7669,20,2
7670,23,0
7671,23,2
7672,51,0
7673,24,4
7674,21,2
7675,52,0
7676,54,1
7677,21,2
7678,24,2
7679,51,0
7680,24,3
7681,23,3
7682,52,1
7683,52,2
7684,52,0
7685,22,2
7686,21,2
7687,54,4
7688,54,0
7689,51,2
7690,22,2
7691,23,2
7692,24,3
7693,51,0
7694,21,2
7695,23,4
7696,55,3
7697,54,0
7698,51,0
7699,53,3
7700,54,1
7701,54,1
7702,22,0
7703,51,1
7704,24,2
7705,22,1
7706,55,2
7707,22,4
7708,53,0
7709,22,1
7710,24,2
7711,24,3
7712,24,1
7713,22,2
7714,21,0
7715,51,2
7716,21,1
7717,21,2
7718,50,1
7719,21,2
7720,25,2
7721,54,1
7722,22,0
7723,50,0
7724,20,1
7725,50,2
7726,51,1
7727,54,1
7728,50,3
7729,53,2
7730,23,2
7731,23,2
7732,55,0
7733,21,2
7734,23,0
7735,21,0
7736,50,0
7737,51,4
7738,23,3
7739,54,1
7740,54,4
7741,54,0
7742,52,0
7743,22,3
7744,20,1
7745,52,0
7746,21,0
7747,55,1
7748,53,4
7749,22,2
7750,20,1
7751,20,3
7752,50,4
7753,55,4
7754,24,2
7755,51,1
7756,23,1
7757,21,3
7758,22,2
7759,24,2
7760,23,1
7761,54,4
7762,21,1
7763,21,3
7764,24,2
7765,24,0
7766,55,3
7767,24,2
7768,53,2
7769,25,2
7770,52,0
7771,54,1
7772,51,0
7773,50,0
7774,51,2
7775,53,4
7776,22,3
7777,52,0
7778,53,1
7779,21,3
7780,24,2
7781,53,0
7782,50,1
7783,53,2
7784,53,2
7785,23,1
7786,23,2
7787,24,2
7788,50,4
7789,54,4
7790,51,0
7791,51,0
7792,50,4
7793,24,2
7794,21,1
7795,51,2
7796,23,1
7797,51,2
7798,24,1
7799,22,3
7800,54,2
7801,22,1
7802,50,0
7803,54,4
7804,53,4
7805,52,3
7806,52,1
7807,22,2
7808,23,2
7809,21,4
7810,53,1
7811,21,1
7812,25,1
7813,52,1
7814,54,4
7815,53,3
7816,52,1
7817,52,3
7818,51,0
7819,55,0
7820,53,1
7821,52,2
7822,22,4
7823,52,0
7824,21,3
7825,21,3
7826,54,1
7827,23,4
7828,23,2
7829,52,0
7830,53,0
7831,23,0
7832,23,1
7833,51,0
7834,55,0
7835,54,4
7836,53,4
7837,50,4
7838,52,2
7839,52,3
7840,51,3
7841,50,0
7842,24,1
7843,55,0
7844,55,3
7845,51,0
7846,53,3
7847,23,2
7848,52,0
7849,25,0
7850,53,0
7851,53,3
7852,23,2
7853,51,0
7854,52,1
7855,53,2
7856,51,1
7857,51,0
7858,24,3
7859,24,1
7860,25,1
7861,51,0
7862,52,1
7863,23,2
7864,52,3
7865,51,0
7866,24,3
7867,24,3
7868,25,2
7869,21,1
7870,53,2
7871,50,0
7872,20,2
7873,24,0
7874,52,4
7875,21,3
7876,54,2
7877,21,2
7878,54,1
7879,21,1
7880,24,4
7881,22,2
7882,21,3
7883,55,1
7884,24,2
7885,55,4
7886,21,2
7887,24,1
7888,54,0
7889,54,1
7890,54,2
7891,21,3
7892,54,0
7893,24,0
7894,53,1
7895,22,2
7896,23,1
7897,53,1
7898,54,2
7899,23,2
7900,55,3
7901,55,1
7902,24,3
7903,21,1
7904,21,4
7905,52,0
7906,22,2
7907,23,2
7908,51,2
7909,52,3
7910,51,4
7911,53,1
7912,21,3
7913,52,0
7914,53,1
7915,53,0
7916,50,3
7917,23,2
7918,25,0
7919,25,2
7920,23,3
7921,20,2
7922,54,2
7923,52,2
7924,24,3
7925,51,1
7926,20,2
7927,21,4
7928,51,0
7929,20,3
7930,22,3
7931,21,3
7932,50,4
7933,24,2
7934,54,1
7935,22,2
7936,51,3
7937,51,0
7938,24,2
7939,54,2
7940,54,0
7941,52,2
7942,20,2
7943,54,0
7944,24,1
7945,54,4
7946,21,3
7947,20,1
7948,50,4
7949,51,4
7950,52,0
7951,55,1
7952,24,3
7953,52,2
7954,24,3
7955,23,4
7956,23,2
7957,50,0
7958,25,0
7959,23,3
7960,51,0
7961,53,0
7962,20,2
7963,21,2
7964,55,2
7965,51,1
7966,53,1
7967,52,4
7968,25,1
7969,54,1
7970,24,2
7971,22,3
7972,53,1
7973,23,2
7974,23,1
7975,52,0
7976,21,4
7977,53,2
7978,54,4
7979,20,1
7980,51,3
7981,52,4
7982,24,2
7983,20,4
7984,20,4
7985,55,0
7986,52,3
7987,22,1
7988,22,2
7989,20,2
7990,23,2
7991,51,3
7992,23,0
7993,55,4
7994,54,1
7995,25,4
7996,53,0
7997,53,0
7998,53,0
7999,53,4
8000,23,1
8001,24,3
8002,55,1
8003,22,3
8004,53,1
8005,21,3
8006,24,3
8007,52,0
8008,23,1
8009,53,1
8010,22,3
8011,22,3
8012,24,3
8013,50,0
8014,54,0
8015,55,4
8016,53,2
8017,52,4
8018,55,2
8019,51,0
8020,54,0
8021,50,4
8022,20,1
8023,24,3
8024,52,0
8025,22,2
8026,54,1
8027,21,0
8028,20,2
8029,22,2
8030,50,4
8031,54,1
8032,52,0
8033,54,0
8034,52,2
8035,53,0
8036,21,0
8037,54,0
8038,55,4
8039,21,2
8040,54,1
8041,52,4
8042,55,4
8043,24,2
8044,54,3
8045,55,3
8046,25,1
8047,52,0
8048,20,1
8049,22,2
8050,22,1
8051,52,2
8052,21,4
8053,20,4
8054,51,3
8055,51,1
8056,52,4
8057,53,4
8058,24,2
8059,22,2
8060,24,1
8061,25,3
8062,25,2
8063,23,2
8064,23,3
8065,52,1
8066,55,4
8067,24,4
8068,20,1
8069,22,2
8070,51,4
8071,20,3
8072,23,2
8073,52,0
8074,23,0
8075,52,0
8076,22,1
8077,25,1
8078,22,2
8079,24,2
8080,25,2
8081,21,0
8082,24,2
8083,52,1
8084,25,1
8085,25,2
8086,22,2
8087,22,2
8088,22,2
8089,51,4
8090,21,2
8091,51,0
8092,52,4
8093,53,2
8094,21,0
8095,22,1
8096,20,3
8097,20,2
8098,21,0
8099,20,1
8100,24,3
8101,21,2
8102,24,3
8103,50,1
8104,22,3
8105,52,0
8106,52,0
8107,24,4
8108,24,1
8109,20,3
8110,25,2
8111,52,0
8112,51,4
8113,20,2
8114,53,3
8115,24,1
8116,24,2
8117,52,4
8118,20,3
8119,22,2
8120,53,2
8121,51,4
8122,53,1
8123,53,0
8124,21,1
8125,51,2
8126,55,1
8127,22,2
8128,22,3
8129,55,1
8130,23,4
8131,24,3
8132,51,4
8133,50,0
8134,55,0
8135,50,0
8136,22,3
8137,52,4
8138,52,0
8139,22,3
8140,24,4
8141,52,3
8142,22,2
8143,21,2
8144,21,0
8145,53,3
8146,23,2
8147,24,2
8148,51,0
8149,22,3
8150,53,2
8151,54,2
8152,23,2
8153,53,1
8154,20,1
8155,21,0
8156,24,2
8157,54,1
8158,24,3
8159,21,1
8160,24,0
8161,23,0
8162,22,2
8163,50,1
8164,51,1
8165,21,4
8166,24,4
8167,53,0
8168,54,4
8169,23,3
8170,51,2
8171,55,0
8172,21,3
8173,52,3
8174,52,2
8175,22,0
8176,24,2
8177,52,1
8178,20,4
8179,21,1
8180,23,1
8181,53,0
8182,52,0
8183,21,3
8184,23,3
8185,23,3
8186,23,3
8187,54,4
8188,21,1
8189,50,0
8190,52,1
8191,53,3
8192,23,1
8193,51,1
8194,21,1
8195,50,2
8196,21,0
8197,54,1
8198,51,2
8199,52,4
8200,51,3
8201,51,1
8202,51,0
8203,23,3
8204,22,1
8205,21,0
8206,23,1
8207,20,1
8208,54,4
8209,21,0
8210,52,3
8211,51,4
8212,54,1
8213,50,0
8214,50,1
8215,55,0
8216,54,1
8217,53,4
8218,24,3
8219,22,0
8220,53,3
8221,51,0
8222,54,1
8223,23,3
8224,52,0
8225,54,0
8226,22,2
8227,22,1
8228,54,0
8229,25,2
8230,24,1
8231,55,1
8232,50,2
8233,55,4
8234,23,3
8235,53,2
8236,21,2
8237,54,1
8238,22,1
8239,21,1
8240,20,2
8241,51,3
8242,51,4
8243,23,1
8244,22,2
8245,24,2
8246,54,0
8247,51,4
8248,50,3
8249,52,0
8250,24,2
8251,54,4
8252,21,1
8253,52,1
8254,53,0
8255,52,2
8256,21,2
8257,25,1
8258,25,2
8259,22,3
8260,22,2
8261,21,1
8262,23,4
8263,52,1
8264,24,2
8265,51,4
8266,53,4
8267,50,1
8268,54,0
8269,24,3
8270,52,0
8271,52,0
8272,53,1
8273,23,1
8274,22,1
8275,24,3
8276,22,0
8277,53,3
8278,52,0
8279,52,3
8280,20,1
8281,55,0
8282,54,1
8283,51,3
8284,50,1
8285,54,4
8286,24,3
8287,51,1
8288,22,3
8289,25,2
8290,24,2
8291,50,0
8292,53,2
8293,23,1
8294,54,1
8295,53,4
8296,53,4
8297,55,0
8298,20,3
8299,21,0
8300,53,2
8301,51,4
8302,51,4
8303,24,1
8304,24,4
8305,51,4
8306,20,1
8307,24,1
8308,23,1
8309,50,4
8310,25,0
8311,55,4
8312,21,1
8313,53,0
8314,25,2
8315,24,3
8316,21,1
8317,23,1
8318,22,2
8319,23,4
8320,52,4
8321,23,4
8322,51,4
8323,54,0
8324,54,0
8325,21,2
8326,21,4
8327,53,0
8328,21,2
8329,24,2
8330,21,2
8331,55,0
8332,54,0
8333,50,2
8334,50,1
8335,23,1
8336,51,1
8337,54,1
8338,24,2
8339,23,1
8340,21,1
8341,20,3
8342,55,2
8343,50,0
8344,23,1
8345,22,2
8346,21,2
8347,54,1
8348,52,0
8349,25,3
8350,24,1
8351,51,0
8352,52,0
8353,25,0
8354,54,2
8355,51,1
8356,51,0
8357,24,2
8358,23,2
8359,22,3
8360,52,4
8361,23,1
8362,51,0
8363,52,3
8364,53,3
8365,53,1
8366,51,1
8367,51,2
8368,51,2
8369,24,1
8370,24,3
8371,52,0
8372,54,2
8373,21,3
8374,20,2
8375,22,2
8376,54,0
8377,21,1
8378,22,2
8379,24,3
8380,55,1
8381,24,4
8382,25,3
8383,52,1
8384,21,2
8385,21,2
8386,21,0
8387,54,0
8388,22,2
8389,21,3
8390,54,0
8391,53,4
8392,21,2
8393,54,0
8394,55,2
8395,23,3
8396,21,1
8397,23,3
8398,52,0
8399,23,2
8400,21,4
8401,24,2
8402,22,1
8403,21,3
8404,50,0
8405,20,2
8406,23,3
8407,24,2
8408,24,2
8409,50,0
8410,25,2
8411,50,4
8412,21,2
8413,51,4
8414,54,3
8415,53,0
8416,25,1
8417,22,2
8418,20,2
8419,20,4
8420,24,1
8421,23,1
8422,21,2
8423,53,0
8424,22,1
8425,55,0
8426,24,0
8427,51,3
8428,22,2
8429,21,2
8430,53,4
8431,20,2
8432,53,0
8433,52,1
8434,21,3
8435,20,3
8436,54,1
8437,21,2
8438,54,1
8439,23,3
8440,23,3
8441,55,4
8442,24,3
8443,24,1
8444,53,2
8445,25,2
8446,21,1
8447,21,3
8448,55,2
8449,21,1
8450,22,4
8451,50,3
8452,21,1
8453,52,0
8454,24,3
8455,51,2
8456,51,0
8457,50,0
8458,54,0
8459,54,4
8460,23,2
8461,20,1
8462,23,2
8463,52,0
8464,54,0
8465,51,0
8466,55,0
8467,23,3
8468,51,1
8469,21,4
8470,21,2
8471,23,2
8472,23,2
8473,23,1
8474,50,1
8475,51,2
8476,53,2
8477,22,2
8478,52,0
8479,51,0
8480,21,4
8481,54,4
8482,23,3
8483,23,3
8484,54,3
8485,24,1
8486,53,4
8487,55,0
8488,52,2
8489,23,3
8490,22,0
8491,23,2
8492,23,2
8493,55,4
8494,50,4
8495,54,0
8496,21,1
8497,24,3
8498,52,0
8499,55,3
8500,21,3
8501,24,2
8502,54,0
8503,52,2
8504,21,4
8505,21,1
8506,51,2
8507,25,4
8508,24,0
8509,22,2
8510,25,2
8511,23,1
8512,52,2
8513,21,2
8514,51,2
8515,24,2
8516,25,3
8517,51,0
8518,22,1
8519,50,0
8520,55,4
8521,53,4
8522,50,2
8523,23,2
8524,25,3
8525,54,1
8526,54,2
8527,52,1
8528,20,3
8529,25,3
8530,25,1
8531,24,2
8532,21,3
8533,23,2
8534,24,3
8535,22,3
8536,25,1
8537,23,1
8538,53,0
8539,21,1
8540,51,0
8541,24,2
8542,53,0
8543,22,3
8544,54,4
8545,53,4
8546,53,2
8547,21,1
8548,54,3
8549,20,2
8550,20,2
8551,24,2
8552,54,2
8553,23,0
8554,53,0
8555,23,1
8556,51,4
8557,23,2
8558,24,1
8559,50,0
8560,21,2
8561,50,0
8562,24,2
8563,55,2
8564,50,1
8565,25,2
8566,21,2
8567,25,1
8568,21,1
8569,24,3
8570,50,2
8571,22,2
8572,23,2
8573,52,0
8574,20,2
8575,22,3
8576,51,2
8577,54,1
8578,52,0
8579,24,3
8580,22,2
8581,20,1
8582,54,3
8583,23,3
8584,52,1
8585,55,2
8586,20,1
8587,51,1
8588,55,4
8589,54,1
8590,53,1
8591,51,2
8592,23,4
8593,52,4
8594,20,2
8595,23,4
8596,50,0
8597,21,3
8598,22,2
8599,23,3
8600,21,1
8601,22,0
8602,25,1
8603,54,1
8604,55,1
8605,52,2
8606,50,0
8607,23,3
8608,23,1
8609,53,1
8610,21,1
8611,54,4
8612,50,0
8613,24,4
8614,54,3
8615,23,2
8616,51,0
8617,23,1
8618,52,2
8619,54,4
8620,23,3
8621,24,1
8622,23,4
8623,21,3
8624,55,4
8625,23,3
8626,22,3
8627,24,2
8628,55,0
8629,21,3
8630,23,3
8631,22,3
8632,51,4
8633,20,1
8634,51,4
8635,23,0
8636,23,3
8637,23,2
8638,54,1
8639,23,2
8640,23,3
8641,52,0
8642,50,1
8643,53,0
8644,50,4
8645,21,1
8646,20,2
8647,51,1
8648,54,1
8649,23,3
8650,20,1
8651,24,0
8652,54,4
8653,53,0
8654,53,3
8655,54,0
8656,22,1
8657,24,2
8658,55,1
8659,25,2
8660,23,2
8661,21,4
8662,53,3
8663,23,3
8664,52,4
8665,21,2
8666,24,1
8667,21,3
8668,51,1
8669,54,2
8670,54,0
8671,51,2
8672,52,1
8673,53,1
8674,52,0
8675,21,2
8676,53,3
8677,22,1
8678,51,2
8679,54,4
8680,54,0
8681,53,2
8682,25,2
8683,21,3
8684,21,0
8685,23,3
8686,52,1
8687,52,2
8688,55,0
8689,20,2
8690,20,3
8691,54,3
8692,51,0
8693,54,3
8694,23,2
8695,22,2
8696,52,0
8697,55,0
8698,22,3
8699,52,4
8700,55,1
8701,25,1
8702,24,4
8703,55,3
8704,53,0
8705,54,4
8706,53,2
8707,51,4
8708,51,3
8709,24,2
8710,20,3
8711,53,4
8712,24,2
8713,50,4
8714,52,2
8715,20,2
8716,53,4
8717,55,0
8718,23,1
8719,54,2
8720,52,1
8721,24,1
8722,25,3
8723,53,2
8724,53,2
8725,52,0
8726,22,3
8727,51,1
8728,52,1
8729,55,3
8730,51,2
8731,54,4
8732,54,4
8733,21,1
8734,55,2
8735,52,0
8736,53,4
8737,50,1
8738,21,3
8739,51,2
8740,24,1
8741,51,4
8742,20,2
8743,53,0
8744,52,3
8745,52,1
8746,22,3
8747,50,4
8748,54,1
8749,52,4
8750,53,0
8751,22,2
8752,51,2
8753,21,2
8754,25,2
8755,53,0
8756,54,0
8757,55,3
8758,24,2
8759,20,1
8760,21,2
8761,51,0
8762,21,1
8763,22,3
8764,23,1
8765,55,4
8766,23,2
8767,21,1
8768,23,3
8769,55,1
8770,51,3
8771,25,1
8772,21,0
8773,24,2
8774,51,2
8775,20,2
8776,20,3
8777,54,3
8778,23,1
8779,25,3
8780,52,1
8781,22,3
8782,53,2
8783,51,0
8784,52,0
8785,21,4
8786,23,2
8787,21,2
8788,20,2
8789,22,1
8790,21,2
8791,21,1
8792,24,3
8793,52,1
8794,52,1
8795,50,2
8796,54,1
8797,51,3
8798,20,2
8799,51,0
8800,24,2
8801,53,0
8802,25,1
8803,21,4
8804,23,0
8805,25,2
8806,21,3
8807,22,2
8808,52,0
8809,52,1
8810,52,0
8811,22,1
8812,23,3
8813,50,0
8814,51,3
8815,23,3
8816,23,2
8817,25,1
8818,20,3
8819,51,2
8820,24,2
8821,22,3
8822,24,1
8823,52,2
8824,22,2
8825,52,4
8826,51,0
8827,22,0
8828,51,4
8829,20,1
8830,54,0
8831,53,2
8832,52,2
8833,22,2
8834,53,4
8835,24,2
8836,55,2
8837,52,1
8838,52,0
8839,51,3
8840,54,2
8841,51,0
8842,53,4
8843,53,3
8844,54,0
8845,54,0
8846,55,1
8847,53,0
8848,23,3
8849,24,2
8850,21,2
8851,23,3
8852,51,2
8853,20,3
8854,50,2
8855,25,1
8856,52,4
8857,22,4
8858,53,4
8859,22,2
8860,21,0
8861,21,2
8862,54,4
8863,54,0
8864,22,2
8865,21,3
8866,53,1
8867,52,1
8868,52,1
8869,22,2
8870,53,2
8871,52,3
8872,51,0
8873,23,2
8874,20,3
8875,22,2
8876,50,0
8877,51,0
8878,53,0
8879,25,2
8880,25,0
8881,55,1
8882,20,0
8883,54,4
8884,20,2
8885,24,2
8886,51,0
8887,21,3
8888,23,3
8889,24,3
8890,51,4
8891,23,3
8892,22,2
8893,24,3
8894,53,0
8895,51,4
8896,20,1
8897,22,2
8898,52,1
8899,51,4
8900,50,1
8901,22,1
8902,53,0
8903,54,2
8904,24,2
8905,25,2
8906,21,2
8907,50,3
8908,54,2
8909,51,3
8910,24,3
8911,24,2
8912,20,1
8913,23,1
8914,51,4
8915,53,4
8916,25,3
8917,21,3
8918,55,1
8919,22,2
8920,20,3
8921,52,3
8922,24,1
8923,54,3
8924,21,2
8925,25,1
8926,22,1
8927,51,0
8928,23,2
8929,51,1
8930,55,0
8931,24,3
8932,21,2
8933,21,3
8934,21,1
8935,53,4
8936,23,2
8937,21,2
8938,23,3
8939,22,2
8940,53,3
8941,24,1
8942,55,3
8943,55,1
8944,53,4
8945,25,1
8946,23,2
8947,24,1
8948,55,0
8949,53,2
8950,52,0
8951,50,1
8952,25,3
8953,23,3
8954,25,1
8955,24,1
8956,21,2
8957,21,4
8958,23,2
8959,21,3
8960,21,2
8961,24,4
8962,24,0
8963,22,1
8964,23,1
8965,53,4
8966,53,0
8967,24,4
8968,55,0
8969,21,2
8970,22,2
8971,51,1
8972,21,0
8973,22,1
8974,21,2
8975,54,0
8976,22,3
8977,21,3
8978,52,0
8979,52,4
8980,52,1
8981,53,0
8982,51,2
8983,23,3
8984,24,2
8985,52,2
8986,54,0
8987,52,1
8988,55,1
8989,23,1
8990,21,1
8991,20,3
8992,52,0
8993,23,3
8994,23,3
8995,53,2
8996,22,2
8997,51,1
8998,51,0
8999,25,2
9000,25,1
9001,23,2
9002,25,2
9003,22,3
9004,24,1
9005,22,2
9006,21,4
9007,22,0
9008,23,2
9009,53,1
9010,54,0
9011,24,2
9012,20,3
9013,55,0
9014,53,3
9015,22,2
9016,52,1
9017,53,1
9018,25,2
9019,53,1
9020,54,3
9021,53,0
9022,22,3
9023,51,0
9024,51,1
9025,54,4
9026,52,0
9027,24,4
9028,22,0
9029,23,0
9030,24,2
9031,22,0
9032,22,2
9033,20,3
9034,24,4
9035,51,4
9036,22,3
9037,22,2
9038,24,3
9039,51,3
9040,20,3
9041,24,2
9042,51,3
9043,21,2
9044,20,2
9045,52,1
9046,54,4
9047,24,4
9048,53,1
9049,22,2
9050,21,3
9051,23,2
9052,51,4
9053,52,3
9054,55,4
9055,22,2
9056,55,0
9057,24,4
9058,23,2
9059,55,4
9060,20,4
9061,51,0
9062,51,2
9063,20,1
9064,51,0
9065,24,4
9066,23,2
9067,25,0
9068,52,0
9069,52,0
9070,55,2
9071,51,3
9072,53,4
9073,55,3
9074,24,1
9075,20,1
9076,52,4
9077,52,3
9078,22,1
9079,20,1
9080,25,3
9081,54,2
9082,54,3
9083,53,3
9084,23,3
9085,54,1
9086,21,3
9087,22,0
9088,55,4
9089,53,0
9090,25,1
9091,50,2
9092,23,3
9093,24,3
9094,54,0
9095,24,2
9096,52,3
9097,54,1
9098,54,0
9099,21,0
9100,52,1
9101,20,3
9102,23,2
9103,25,3
9104,55,1
9105,54,0
9106,24,2
9107,52,0
9108,52,0
9109,54,2
9110,23,1
9111,52,1
9112,50,4
9113,24,3
9114,54,4
9115,53,4
9116,50,1
9117,51,0
9118,23,2
9119,23,2
9120,24,1
9121,54,1
9122,20,2
9123,23,1
9124,22,0
9125,21,4
9126,24,2
9127,24,2
9128,23,1
9129,23,3
9130,24,4
9131,21,3
9132,54,4
9133,54,0
9134,53,2
9135,51,0
9136,54,2
9137,21,1
9138,23,3
9139,55,0
9140,51,4
9141,23,3
9142,51,4
9143,22,2
9144,24,2
9145,52,4
9146,25,3
9147,20,0
9148,21,1
9149,22,3
9150,51,4
9151,51,4
9152,55,1
9153,23,2
9154,22,0
9155,53,4
9156,52,1
9157,21,2
9158,22,2
9159,21,4
9160,21,0
9161,22,2
9162,52,0
9163,22,3
9164,23,2
9165,50,3
9166,22,0
9167,20,1
9168,53,1
9169,52,2
9170,51,2
9171,21,1
9172,23,1
9173,54,0
9174,52,4
9175,50,0
9176,53,0
9177,51,4
9178,54,2
9179,22,2
9180,20,3
9181,50,1
9182,53,4
9183,22,1
9184,24,1
9185,21,2
9186,23,3
9187,20,3
9188,53,4
9189,52,1
9190,23,1
9191,54,0
9192,24,3
9193,25,2
9194,50,0
9195,23,2
9196,51,0
9197,53,3
9198,23,2
9199,21,4
9200,54,0
9201,22,3
9202,54,0
9203,53,4
9204,21,3
9205,21,0
9206,20,0
9207,54,1
9208,51,0
9209,54,1
9210,53,1
9211,54,1
9212,55,4
9213,52,0
9214,23,2
9215,24,1
9216,22,2
9217,53,4
9218,23,2
9219,50,0
9220,23,1
9221,21,2
9222,24,2
9223,20,3
9224,52,4
9225,51,4
9226,21,1
9227,50,2
9228,21,1
9229,23,1
9230,24,3
9231,54,4
9232,24,2
9233,23,3
9234,23,2
9235,21,3
9236,23,3
9237,22,1
9238,23,1
9239,22,3
9240,23,2
9241,51,0
9242,23,2
9243,53,0
9244,52,1
9245,54,3
9246,51,4
9247,53,0
9248,51,3
9249,24,3
9250,23,2
9251,54,3
9252,51,4
9253,20,3
9254,52,1
9255,50,1
9256,54,4
9257,23,3
9258,25,3
9259,53,0
9260,52,4
9261,55,0
9262,53,0
9263,24,1
9264,24,3
9265,53,0
9266,22,2
9267,21,1
9268,23,3
9269,54,0
9270,22,2
9271,20,4
9272,20,2
9273,55,4
9274,52,0
9275,22,4
9276,22,3
9277,20,2
9278,25,1
9279,54,0
9280,55,4
9281,50,2
9282,51,0
9283,53,4
9284,23,1
9285,25,2
9286,52,2
9287,23,2
9288,22,1
9289,51,2
9290,53,0
9291,23,1
9292,25,0
9293,24,1
9294,53,0
9295,50,0
9296,51,0
9297,54,4
9298,51,4
9299,23,3
9300,53,3
9301,52,0
9302,22,1
9303,53,4
9304,53,4
9305,50,0
9306,54,4
9307,24,1
9308,53,1
9309,52,0
9310,54,1
9311,51,4
9312,53,0
9313,50,0
9314,51,0
9315,50,0
9316,52,2
9317,51,2
9318,52,4
9319,51,1
9320,23,2
9321,23,0
9322,51,0
9323,51,1
9324,22,1
9325,24,1
9326,21,3
9327,51,0
9328,22,2
9329,53,4
9330,24,1
9331,52,1
9332,52,1
9333,21,3
9334,24,2
9335,53,2
9336,24,2
9337,25,1
9338,54,1
9339,24,1
9340,24,2
9341,21,0
9342,23,2
9343,23,2
9344,53,1
9345,51,0
9346,51,0
9347,53,1
9348,52,3
9349,21,1
9350,53,1
9351,23,2
9352,21,3
9353,52,4
9354,25,3
9355,25,2
9356,51,0
9357,23,2
9358,22,0
9359,20,2
9360,50,2
9361,51,2
9362,21,2
9363,52,0
9364,55,4
9365,51,0
9366,23,3
9367,21,3
9368,54,0
9369,54,3
9370,21,1
9371,52,1
9372,55,4
9373,24,2
9374,24,1
9375,55,4
9376,22,2
9377,54,0
9378,55,1
9379,52,0
9380,22,1
9381,52,4
9382,23,4
9383,24,3
9384,23,2
9385,50,1
9386,51,0
9387,21,2
9388,24,1
9389,51,0
9390,22,3
9391,25,0
9392,53,4
9393,54,4
9394,51,1
9395,23,3
9396,51,0
9397,53,1
9398,24,3
9399,21,0
9400,55,0
9401,24,2
9402,52,2
9403,23,2
9404,25,2
9405,53,4
9406,24,1
9407,24,3
9408,20,2
9409,23,3
9410,52,4
9411,52,0
9412,25,2
9413,54,0
9414,53,0
9415,53,0
9416,51,1
9417,23,2
9418,23,1
9419,51,0
9420,52,3
9421,24,2
9422,22,3
9423,53,3
9424,51,1
9425,54,2
9426,20,1
9427,25,1
9428,25,1
9429,55,0
9430,24,2
9431,51,0
9432,51,0
9433,24,2
9434,52,4
9435,20,2
9436,22,2
9437,23,2
9438,25,0
9439,22,1
9440,51,4
9441,25,1
9442,23,3
9443,20,3
9444,25,4
9445,22,1
9446,23,2
9447,24,3
9448,51,1
9449,51,0
9450,23,1
9451,22,4
9452,50,0
9453,24,3
9454,21,1
9455,52,2
9456,51,1
9457,53,0
9458,53,1
9459,22,2
9460,24,3
9461,23,2
9462,21,1
9463,52,1
9464,23,2
9465,24,3
9466,23,2
9467,54,0
9468,50,0
9469,51,2
9470,25,2
9471,23,1
9472,50,0
9473,20,0
9474,22,1
9475,52,3
9476,25,1
9477,22,3
9478,51,0
9479,55,4
9480,51,4
9481,51,4
9482,50,3
9483,53,1
9484,21,2
9485,21,3
9486,25,3
9487,24,2
9488,24,4
9489,52,3
9490,21,2
9491,52,0
9492,54,3
9493,54,0
9494,51,0
9495,50,0
9496,52,3
9497,25,2
9498,53,2
9499,24,2
9500,54,0
9501,23,1
9502,53,3
9503,54,0
9504,20,2
9505,23,1
9506,52,0
9507,50,0
9508,21,1
9509,51,0
9510,24,3
9511,51,2
9512,55,0
9513,51,4
9514,52,0
9515,54,1
9516,52,2
9517,21,1
9518,54,4
9519,50,3
9520,23,2
9521,53,1
9522,53,2
9523,53,4
9524,20,2
9525,21,2
9526,23,2
9527,52,2
9528,52,0
9529,22,1
9530,51,0
9531,51,0
9532,51,4
9533,53,4
9534,54,2
9535,21,2
9536,52,2
9537,22,2
9538,24,3
9539,24,0
9540,52,1
9541,53,0
9542,54,0
9543,51,0
9544,51,2
9545,52,0
9546,52,3
9547,51,4
9548,24,4
9549,54,0
9550,53,1
9551,54,2
9552,54,4
9553,23,1
9554,54,3
9555,54,1
9556,21,4
9557,52,3
9558,52,1
9559,22,1
9560,23,1
9561,20,1
9562,22,3
9563,51,1
9564,52,4
9565,53,0
9566,20,2
9567,54,4
9568,54,0
9569,51,3
9570,21,2
9571,55,0
9572,24,1
9573,53,0
9574,55,4
9575,25,1
9576,23,3
9577,50,4
9578,25,2
9579,51,0
9580,52,1
9581,54,4
9582,22,3
9583,24,0
9584,22,3
9585,23,1
9586,54,0
9587,24,2
9588,20,3
9589,52,4
9590,54,1
9591,21,1
9592,54,0
9593,53,4
9594,22,2
9595,53,1
9596,55,0
9597,53,2
9598,54,0
9599,50,0
9600,54,0
9601,22,2
9602,22,3
9603,52,0
9604,21,3
9605,22,3
9606,25,1
9607,54,1
9608,54,0
9609,24,2
9610,21,1
9611,54,3
9612,52,4
9613,24,3
9614,54,0
9615,23,2
9616,52,0
9617,51,1
9618,54,3
9619,54,0
9620,51,1
9621,23,2
9622,55,1
9623,25,2
9624,23,2
9625,50,3
9626,54,1
9627,54,2
9628,25,1
9629,22,3
9630,21,1
9631,52,3
9632,23,2
9633,22,2
9634,23,3
9635,55,0
9636,24,2
9637,53,1
9638,24,3
9639,51,0
9640,22,3
9641,25,0
9642,53,4
9643,52,0
9644,52,0
9645,22,1
9646,51,0
9647,53,2
9648,53,1
9649,50,3
9650,22,4
9651,51,0
9652,51,4
9653,21,4
9654,21,3
9655,52,2
9656,24,2
9657,21,4
9658,54,0
9659,51,1
9660,50,2
9661,20,4
9662,50,0
9663,20,2
9664,54,0
9665,52,0
9666,55,1
9667,51,2
9668,51,2
9669,54,0
9670,23,2
9671,21,3
9672,54,2
9673,20,2
9674,20,2
9675,55,0
9676,21,3
9677,24,1
9678,53,0
9679,25,2
9680,20,0
9681,22,3
9682,54,2
9683,53,4
9684,23,1
9685,52,2
9686,53,0
9687,53,2
9688,25,2
9689,20,1
9690,55,3
9691,55,3
9692,54,2
9693,21,2
9694,53,4
9695,50,0
9696,23,1
9697,24,2
9698,54,0
9699,20,1
9700,20,2
9701,23,2
9702,23,1
9703,21,3
9704,54,4
9705,21,4
9706,22,2
9707,23,3
9708,50,3
9709,52,0
9710,23,2
9711,52,0
9712,25,0
9713,23,0
9714,54,1
9715,23,2
9716,51,0
9717,25,3
9718,55,0
9719,54,1
9720,22,3
9721,23,3
9722,22,1
9723,55,3
9724,20,4
9725,23,2
9726,54,0
9727,52,4
9728,53,0
9729,23,2
9730,23,1
9731,52,0
9732,20,2
9733,22,2
9734,53,1
9735,52,3
9736,52,3
9737,52,3
9738,54,0
9739,54,4
9740,51,4
9741,25,2
9742,50,1
9743,21,1
9744,51,1
9745,52,4
9746,20,3
9747,53,3
9748,23,3
9749,54,0
9750,51,4
9751,20,2
9752,52,1
9753,55,3
9754,51,4
9755,25,2
9756,21,2
9757,54,2
9758,52,4
9759,52,0
9760,24,4
9761,24,1
9762,53,3
9763,23,0
9764,21,2
9765,25,3
9766,23,3
9767,23,2
9768,52,0
9769,21,4
9770,22,1
9771,55,2
9772,54,0
9773,21,2
9774,52,1
9775,55,2
9776,53,0
9777,22,2
9778,54,1
9779,51,4
9780,52,2
9781,54,0
9782,22,3
9783,23,2
9784,22,1
9785,22,2
9786,52,1
9787,22,3
9788,55,2
9789,21,4
9790,51,0
9791,52,0
9792,52,0
9793,23,2
9794,51,0
9795,52,0
9796,53,0
9797,54,1
9798,22,2
9799,20,2
9800,53,0
9801,24,3
9802,24,2
9803,25,1
9804,20,3
9805,22,1
9806,23,2
9807,23,3
9808,54,2
9809,21,1
9810,21,2
9811,52,1
9812,54,3
9813,21,1
9814,22,1
9815,53,0
9816,23,1
9817,21,2
9818,24,1
9819,53,2
9820,52,4
9821,52,3
9822,22,3
9823,52,1
9824,20,3
9825,50,1
9826,24,4
9827,24,1
9828,24,0
9829,52,2
9830,20,0
9831,24,2
9832,20,3
9833,53,0
9834,51,0
9835,22,1
9836,21,2
9837,23,3
9838,54,0
9839,52,1
9840,21,2
9841,54,0
9842,53,0
9843,54,2
9844,52,0
9845,24,1
9846,53,3
9847,23,2
9848,51,0
9849,52,1
9850,24,1
9851,23,3
9852,24,2
9853,24,2
9854,50,4
9855,52,1
9856,54,1
9857,52,3
9858,52,1
9859,22,1
9860,52,2
9861,24,4
9862,51,1
9863,24,2
9864,22,1
9865,20,3
9866,22,3
9867,54,1
9868,21,1
9869,51,3
9870,22,2
9871,21,1
9872,24,2
9873,22,3
9874,52,0
9875,53,4
9876,51,1
9877,54,2
9878,51,2
9879,52,2
9880,52,2
9881,54,2
9882,55,1
9883,23,3
9884,54,2
9885,22,3
9886,53,0
9887,54,0
9888,21,1
9889,53,4
9890,23,3
9891,23,0
9892,24,3
9893,53,1
9894,21,2
9895,20,2
9896,24,2
9897,24,2
9898,53,0
9899,53,2
9900,50,0
9901,22,2
9902,20,1
9903,52,0
9904,23,1
9905,25,2
9906,22,2
9907,23,2
9908,20,2
9909,24,3
9910,54,1
9911,20,4
9912,25,1
9913,23,1
9914,50,1
9915,54,4
9916,51,1
9917,23,2
9918,21,3
9919,51,1
9920,52,0
9921,22,3
9922,23,2
9923,50,2
9924,22,0
9925,21,1
9926,21,1
9927,50,4
9928,51,0
9929,52,3
9930,22,3
9931,52,0
9932,23,2
9933,54,1
9934,22,2
9935,24,0
9936,24,1
9937,23,3
9938,21,4
9939,24,2
9940,22,3
9941,23,3
9942,21,2
9943,55,0
9944,50,1
9945,52,2
9946,25,1
9947,21,2
9948,53,4
9949,22,1
9950,21,1
9951,51,2
9952,24,2
9953,24,3
9954,23,3
9955,54,1
9956,24,2
9957,24,3
9958,25,3
9959,21,2
9960,20,2
9961,20,0
9962,24,2
9963,50,1
9964,51,1
9965,55,1
9966,20,3
9967,53,0
9968,54,4
9969,24,2
9970,52,0
9971,23,0
9972,24,0
9973,51,2
9974,21,1
9975,52,0
9976,21,2
9977,22,1
9978,20,1
9979,52,1
9980,52,2
9981,22,1
9982,50,4
9983,51,0
9984,24,3
9985,20,2
9986,51,0
9987,23,3
9988,54,3
9989,21,0
9990,22,2
9991,55,0
9992,51,2
9993,51,0
9994,25,3
9995,51,4
9996,24,2
9997,22,3
9998,21,2
9999,20,2
10000,53,3
